Product_ID,Product_Name,SKU,Category,Brand,Unit_Cost,Unit_Price,Weight_KG,Is_Active,Markup_Pct
PRD00001,Product_1,SKU-00000001,Food & Beverages,Brand_G,424.4,862.9,12.03,1,103.32
PRD00002,Product_2,SKU-00000002,Books,Brand_C,451.61,869.95,25.66,1,92.63
PRD00003,Product_3,SKU-00000003,Electronics,Brand_A,439.29,727.1,38.7,1,65.52
PRD00004,Product_4,SKU-00000004,Electronics,Brand_D,487.31,748.3,2.3,1,53.56
PRD00005,Product_5,SKU-00000005,Toys,Brand_A,18.62,562.35,34.7,1,2920.14
PRD00006,Product_6,SKU-00000006,Home & Garden,Brand_G,420.71,588.82,32.45,1,39.96
PRD00007,Product_7,SKU-00000007,Food & Beverages,Brand_A,377.13,142.31,11.65,1,-62.27
PRD00008,Product_8,SKU-00000008,Home & Garden,Brand_G,118.2,449.42,34.1,1,280.22
PRD00009,Product_9,SKU-00000009,Books,Brand_A,478.38,456.27,47.02,1,-4.62
PRD00010,Product_10,SKU-00000010,Food & Beverages,Brand_B,78.35,958.91,2.43,1,1123.88
PRD00011,Product_11,SKU-00000011,Sports,Brand_E,341.38,436.78,16.05,1,27.95
PRD00012,Product_12,SKU-00000012,Clothing,Brand_B,116.32,553.85,21.97,1,376.14
PRD00013,Product_13,SKU-00000013,Sports,Brand_B,218.53,537.92,44.97,1,146.15
PRD00014,Product_14,SKU-00000014,Books,Brand_H,360.98,640.39,48.12,1,77.4
PRD00015,Product_15,SKU-00000015,Food & Beverages,Brand_F,283.85,750.75,22.26,1,164.49
PRD00016,Product_16,SKU-00000016,Health & Beauty,Brand_F,216.61,232.79,37.53,1,7.47
PRD00017,Product_17,SKU-00000017,Books,Brand_A,166.54,533.44,26.63,1,220.31
PRD00018,Product_18,SKU-00000018,Health & Beauty,Brand_G,420.63,827.66,26.94,1,96.77
PRD00019,Product_19,SKU-00000019,Clothing,Brand_H,76.19,468.48,13.98,1,514.88
PRD00020,Product_20,SKU-00000020,Electronics,Brand_B,217.9,285.67,10.93,1,31.1
PRD00021,Product_21,SKU-00000021,Electronics,Brand_H,452.36,658.16,14.47,1,45.49
PRD00022,Product_22,SKU-00000022,Books,Brand_A,423.7,825.53,27.86,1,94.84
PRD00023,Product_23,SKU-00000023,Home & Garden,Brand_F,203.47,72.51,1.55,1,-64.36
PRD00024,Product_24,SKU-00000024,Food & Beverages,Brand_E,382.74,779.02,45.37,1,103.54
PRD00025,Product_25,SKU-00000025,Food & Beverages,Brand_D,412.46,823.43,7.9,0,99.64
PRD00026,Product_26,SKU-00000026,Electronics,Brand_A,445,466.91,11.08,0,4.92
PRD00027,Product_27,SKU-00000027,Toys,Brand_H,274.53,983.47,25.96,1,258.24
PRD00028,Product_28,SKU-00000028,Sports,Brand_E,106.21,788.84,35.53,1,642.72
PRD00029,Product_29,SKU-00000029,Toys,Brand_D,131.38,775.93,4.88,1,490.6
PRD00030,Product_30,SKU-00000030,Clothing,Brand_C,151.37,750.36,15.95,1,395.71
PRD00031,Product_31,SKU-00000031,Sports,Brand_A,298.93,159.1,48.44,1,-46.78
PRD00032,Product_32,SKU-00000032,Sports,Brand_A,21.24,225.06,13.19,1,959.6
PRD00033,Product_33,SKU-00000033,Books,Brand_C,319.84,469.35,15.72,1,46.75
PRD00034,Product_34,SKU-00000034,Electronics,Brand_C,185.36,271.36,41.84,0,46.4
PRD00035,Product_35,SKU-00000035,Toys,Brand_A,151.14,421.09,2.61,1,178.61
PRD00036,Product_36,SKU-00000036,Toys,Brand_C,440.35,889.58,23.28,1,102.02
PRD00037,Product_37,SKU-00000037,Electronics,Brand_B,232.7,826.08,19.04,1,255
PRD00038,Product_38,SKU-00000038,Toys,Brand_D,52.05,633.74,15.9,0,1117.56
PRD00039,Product_39,SKU-00000039,Health & Beauty,Brand_D,414.24,859.54,14.36,1,107.5
PRD00040,Product_40,SKU-00000040,Electronics,Brand_D,28.58,785.93,4.66,1,2649.93
PRD00041,Product_41,SKU-00000041,Books,Brand_B,364.74,434.7,15.81,0,19.18
PRD00042,Product_42,SKU-00000042,Home & Garden,Brand_G,388.08,209.05,2.25,1,-46.13
PRD00043,Product_43,SKU-00000043,Sports,Brand_C,179.54,519.06,39.07,1,189.11
PRD00044,Product_44,SKU-00000044,Books,Brand_E,413.27,738.87,19.97,1,78.79
PRD00045,Product_45,SKU-00000045,Food & Beverages,Brand_C,260.25,442.06,22.25,1,69.86
PRD00046,Product_46,SKU-00000046,Clothing,Brand_A,234.33,670.1,44.69,1,185.96
PRD00047,Product_47,SKU-00000047,Home & Garden,Brand_F,27.47,103.38,32.94,1,276.34
PRD00048,Product_48,SKU-00000048,Food & Beverages,Brand_H,148.56,750.52,0.5,0,405.2
PRD00049,Product_49,SKU-00000049,Sports,Brand_H,465.85,814.59,47.16,0,74.86
PRD00050,Product_50,SKU-00000050,Toys,Brand_D,198.95,709.77,11.93,1,256.76
PRD00051,Product_51,SKU-00000051,Electronics,Brand_C,275.62,967.59,5.47,1,251.06
PRD00052,Product_52,SKU-00000052,Sports,Brand_E,268.35,828.39,38.43,1,208.7
PRD00053,Product_53,SKU-00000053,Books,Brand_A,297.26,904.06,25.07,1,204.13
PRD00054,Product_54,SKU-00000054,Clothing,Brand_B,35.36,934.24,21.75,1,2542.08
PRD00055,Product_55,SKU-00000055,Books,Brand_G,184.28,803.33,12.55,1,335.93
PRD00056,Product_56,SKU-00000056,Home & Garden,Brand_B,362.95,677.52,27.42,1,86.67
PRD00057,Product_57,SKU-00000057,Home & Garden,Brand_E,104.28,15.66,13.79,1,-84.98
PRD00058,Product_58,SKU-00000058,Clothing,Brand_A,105.77,471.17,45.09,0,345.47
PRD00059,Product_59,SKU-00000059,Health & Beauty,Brand_D,9.99,575.45,10.84,1,5660.26
PRD00060,Product_60,SKU-00000060,Food & Beverages,Brand_C,221.55,310.99,44.23,1,40.37
PRD00061,Product_61,SKU-00000061,Food & Beverages,Brand_A,441.95,324.92,28.01,1,-26.48
PRD00062,Product_62,SKU-00000062,Home & Garden,Brand_H,30.69,961.55,41.44,1,3033.11
PRD00063,Product_63,SKU-00000063,Home & Garden,Brand_G,99.6,892.79,35.67,1,796.38
PRD00064,Product_64,SKU-00000064,Toys,Brand_B,158.49,850.69,34.87,1,436.75
PRD00065,Product_65,SKU-00000065,Electronics,Brand_G,367.2,411.95,16.28,1,12.19
PRD00066,Product_66,SKU-00000066,Toys,Brand_G,322.11,23.56,11.77,1,-92.69
PRD00067,Product_67,SKU-00000067,Toys,Brand_E,210.89,89.42,10.62,1,-57.6
PRD00068,Product_68,SKU-00000068,Health & Beauty,Brand_E,380.74,319.07,42.87,1,-16.2
PRD00069,Product_69,SKU-00000069,Food & Beverages,Brand_C,306.77,25.59,41.04,1,-91.66
PRD00070,Product_70,SKU-00000070,Health & Beauty,Brand_E,448.54,26.98,22.08,0,-93.98
PRD00071,Product_71,SKU-00000071,Health & Beauty,Brand_E,409.92,917.44,6.71,1,123.81
PRD00072,Product_72,SKU-00000072,Clothing,Brand_A,130.14,709.1,19.17,0,444.87
PRD00073,Product_73,SKU-00000073,Food & Beverages,Brand_H,139.36,315.87,31.01,1,126.66
PRD00074,Product_74,SKU-00000074,Electronics,Brand_D,67.05,141.32,22.77,0,110.77
PRD00075,Product_75,SKU-00000075,Books,Brand_C,171.8,516.52,39.03,1,200.65
PRD00076,Product_76,SKU-00000076,Home & Garden,Brand_A,499.77,15.29,49.88,1,-96.94
PRD00077,Product_77,SKU-00000077,Home & Garden,Brand_D,205.85,939.03,9.64,1,356.17
PRD00078,Product_78,SKU-00000078,Electronics,Brand_G,114.14,420.67,23.04,1,268.56
PRD00079,Product_79,SKU-00000079,Health & Beauty,Brand_A,382.43,408.31,21.61,1,6.77
PRD00080,Product_80,SKU-00000080,Toys,Brand_F,273.52,396.69,15.29,1,45.03
PRD00081,Product_81,SKU-00000081,Clothing,Brand_A,79.05,78.64,9.98,1,-0.52
PRD00082,Product_82,SKU-00000082,Health & Beauty,Brand_E,193.44,641.94,3.38,1,231.85
PRD00083,Product_83,SKU-00000083,Home & Garden,Brand_D,210.16,735.67,44.37,1,250.05
PRD00084,Product_84,SKU-00000084,Sports,Brand_C,378.15,679.36,21.05,1,79.65
PRD00085,Product_85,SKU-00000085,Toys,Brand_C,15.23,147.05,24.9,1,865.53
PRD00086,Product_86,SKU-00000086,Home & Garden,Brand_D,138.16,583.05,45.86,1,322.01
PRD00087,Product_87,SKU-00000087,Sports,Brand_E,261.21,573.79,38.84,1,119.67
PRD00088,Product_88,SKU-00000088,Health & Beauty,Brand_B,138.08,869.73,6.61,1,529.87
PRD00089,Product_89,SKU-00000089,Electronics,Brand_A,316.07,385.34,28.31,1,21.92
PRD00090,Product_90,SKU-00000090,Electronics,Brand_E,243.52,377.77,22.17,1,55.13
PRD00091,Product_91,SKU-00000091,Toys,Brand_F,184.05,622.34,39.88,0,238.14
PRD00092,Product_92,SKU-00000092,Home & Garden,Brand_H,474.86,636.74,36.24,1,34.09
PRD00093,Product_93,SKU-00000093,Food & Beverages,Brand_G,317.92,474.59,34.55,1,49.28
PRD00094,Product_94,SKU-00000094,Sports,Brand_D,69.32,448.63,17.09,1,547.19
PRD00095,Product_95,SKU-00000095,Clothing,Brand_H,282.25,499.21,40.27,1,76.87
PRD00096,Product_96,SKU-00000096,Home & Garden,Brand_A,391.46,862.43,2.71,1,120.31
PRD00097,Product_97,SKU-00000097,Clothing,Brand_C,355.7,466.56,8.07,1,31.17
PRD00098,Product_98,SKU-00000098,Home & Garden,Brand_G,90.18,940.53,16.85,1,942.95
PRD00099,Product_99,SKU-00000099,Food & Beverages,Brand_H,486.35,508.96,3.93,1,4.65
PRD00100,Product_100,SKU-00000100,Food & Beverages,Brand_B,227.16,949.71,11.83,1,318.08
PRD00101,Product_101,SKU-00000101,Toys,Brand_H,83.72,834.5,41.52,1,896.77
PRD00102,Product_102,SKU-00000102,Toys,Brand_F,94.2,368.81,47.42,1,291.52
PRD00103,Product_103,SKU-00000103,Food & Beverages,Brand_C,53.63,865.01,15.3,1,1512.92
PRD00104,Product_104,SKU-00000104,Books,Brand_D,402.74,118.96,13.3,1,-70.46
PRD00105,Product_105,SKU-00000105,Food & Beverages,Brand_A,65.41,925.8,14.07,1,1315.38
PRD00106,Product_106,SKU-00000106,Electronics,Brand_D,66.94,635.33,13.96,0,849.1
PRD00107,Product_107,SKU-00000107,Electronics,Brand_G,425.98,63.85,1.89,0,-85.01
PRD00108,Product_108,SKU-00000108,Books,Brand_A,175.58,647.81,46.35,1,268.95
PRD00109,Product_109,SKU-00000109,Health & Beauty,Brand_E,20.27,974.51,10.76,1,4707.65
PRD00110,Product_110,SKU-00000110,Sports,Brand_B,30.69,79.1,21.06,1,157.74
PRD00111,Product_111,SKU-00000111,Health & Beauty,Brand_E,75.37,559.14,0.58,1,641.86
PRD00112,Product_112,SKU-00000112,Clothing,Brand_E,110.63,750.32,42.91,1,578.22
PRD00113,Product_113,SKU-00000113,Health & Beauty,Brand_D,334.25,812.16,36.58,1,142.98
PRD00114,Product_114,SKU-00000114,Home & Garden,Brand_G,82.88,419.69,47.34,1,406.38
PRD00115,Product_115,SKU-00000115,Health & Beauty,Brand_B,63.84,212.12,39.1,1,232.27
PRD00116,Product_116,SKU-00000116,Home & Garden,Brand_H,383.54,51.92,15.75,0,-86.46
PRD00117,Product_117,SKU-00000117,Books,Brand_A,337.17,583.93,12.47,1,73.19
PRD00118,Product_118,SKU-00000118,Electronics,Brand_A,220.49,458.38,34.92,1,107.89
PRD00119,Product_119,SKU-00000119,Toys,Brand_F,276.91,949.26,18.27,1,242.8
PRD00120,Product_120,SKU-00000120,Home & Garden,Brand_C,159.43,70,28.35,1,-56.09
PRD00121,Product_121,SKU-00000121,Electronics,Brand_F,243.84,688.54,0.41,1,182.37
PRD00122,Product_122,SKU-00000122,Sports,Brand_H,255.8,34.72,3.19,1,-86.43
PRD00123,Product_123,SKU-00000123,Clothing,Brand_F,196.68,179.72,26.81,1,-8.62
PRD00124,Product_124,SKU-00000124,Sports,Brand_A,453.75,459.04,28.35,1,1.17
PRD00125,Product_125,SKU-00000125,Books,Brand_D,12.95,460.32,37.6,1,3454.59
PRD00126,Product_126,SKU-00000126,Health & Beauty,Brand_E,392.17,688.84,6.69,1,75.65
PRD00127,Product_127,SKU-00000127,Health & Beauty,Brand_G,66.57,911.11,25.71,1,1268.65
PRD00128,Product_128,SKU-00000128,Food & Beverages,Brand_E,399.79,642.64,9.8,0,60.74
PRD00129,Product_129,SKU-00000129,Food & Beverages,Brand_E,309.88,954,4.75,1,207.86
PRD00130,Product_130,SKU-00000130,Food & Beverages,Brand_B,422.42,882.8,20.58,1,108.99
PRD00131,Product_131,SKU-00000131,Sports,Brand_A,53.27,588.65,8.25,1,1005.03
PRD00132,Product_132,SKU-00000132,Home & Garden,Brand_H,281.7,835.45,11.17,1,196.57
PRD00133,Product_133,SKU-00000133,Clothing,Brand_H,253.04,646.15,15.95,1,155.35
PRD00134,Product_134,SKU-00000134,Food & Beverages,Brand_G,354.57,87.77,13.04,1,-75.25
PRD00135,Product_135,SKU-00000135,Books,Brand_D,269.47,743.16,4.47,1,175.79
PRD00136,Product_136,SKU-00000136,Books,Brand_B,272.66,103.96,4.59,1,-61.87
PRD00137,Product_137,SKU-00000137,Food & Beverages,Brand_C,217.65,598.14,9.74,1,174.82
PRD00138,Product_138,SKU-00000138,Health & Beauty,Brand_D,157.87,705.61,2.62,1,346.96
PRD00139,Product_139,SKU-00000139,Food & Beverages,Brand_F,243.72,75.86,31.36,1,-68.87
PRD00140,Product_140,SKU-00000140,Clothing,Brand_D,63.65,238.49,14.44,1,274.69
PRD00141,Product_141,SKU-00000141,Food & Beverages,Brand_D,480.95,916.52,14.06,1,90.56
PRD00142,Product_142,SKU-00000142,Clothing,Brand_E,358.63,620.15,16.67,1,72.92
PRD00143,Product_143,SKU-00000143,Books,Brand_D,476.47,253.82,33.17,1,-46.73
PRD00144,Product_144,SKU-00000144,Food & Beverages,Brand_H,117.23,693.77,43.54,1,491.8
PRD00145,Product_145,SKU-00000145,Sports,Brand_F,440.27,600.81,37.98,1,36.46
PRD00146,Product_146,SKU-00000146,Toys,Brand_F,405.35,506.56,36.4,1,24.97
PRD00147,Product_147,SKU-00000147,Sports,Brand_A,340.19,976.43,24.27,1,187.02
PRD00148,Product_148,SKU-00000148,Books,Brand_D,314.39,686.62,34.72,1,118.4
PRD00149,Product_149,SKU-00000149,Clothing,Brand_E,161.69,381.69,27.68,0,136.06
PRD00150,Product_150,SKU-00000150,Sports,Brand_D,409.12,802.07,10.89,1,96.05
PRD00151,Product_151,SKU-00000151,Clothing,Brand_C,253.25,885.74,10.51,1,249.75
PRD00152,Product_152,SKU-00000152,Sports,Brand_C,40.09,133.97,14.89,1,234.17
PRD00153,Product_153,SKU-00000153,Sports,Brand_E,159.87,208.55,45.55,1,30.45
PRD00154,Product_154,SKU-00000154,Clothing,Brand_A,467.97,224.06,27.42,1,-52.12
PRD00155,Product_155,SKU-00000155,Home & Garden,Brand_A,426.09,694.3,36.72,0,62.95
PRD00156,Product_156,SKU-00000156,Sports,Brand_F,491.04,607.01,17.39,1,23.62
PRD00157,Product_157,SKU-00000157,Food & Beverages,Brand_F,315.86,622.8,20.45,1,97.18
PRD00158,Product_158,SKU-00000158,Toys,Brand_B,127.52,941.37,6.37,1,638.21
PRD00159,Product_159,SKU-00000159,Books,Brand_E,85.59,778.15,8.65,1,809.16
PRD00160,Product_160,SKU-00000160,Home & Garden,Brand_D,97.52,136.66,41.39,1,40.14
PRD00161,Product_161,SKU-00000161,Clothing,Brand_G,14.8,354.03,29.28,1,2292.09
PRD00162,Product_162,SKU-00000162,Home & Garden,Brand_E,198.39,441.04,16.94,1,122.31
PRD00163,Product_163,SKU-00000163,Electronics,Brand_B,99.76,402,40.16,1,302.97
PRD00164,Product_164,SKU-00000164,Electronics,Brand_F,208.77,672.62,12.4,1,222.18
PRD00165,Product_165,SKU-00000165,Sports,Brand_E,467.82,892.97,48.8,1,90.88
PRD00166,Product_166,SKU-00000166,Sports,Brand_E,218.12,312.99,17.31,1,43.49
PRD00167,Product_167,SKU-00000167,Food & Beverages,Brand_F,439.6,556.36,16.93,1,26.56
PRD00168,Product_168,SKU-00000168,Toys,Brand_H,304.72,791.52,15.66,1,159.75
PRD00169,Product_169,SKU-00000169,Books,Brand_B,127.33,422.06,6.19,1,231.47
PRD00170,Product_170,SKU-00000170,Home & Garden,Brand_F,181.15,176.44,5.65,1,-2.6
PRD00171,Product_171,SKU-00000171,Electronics,Brand_A,46.54,480.2,32.44,1,931.8
PRD00172,Product_172,SKU-00000172,Sports,Brand_D,170.06,64.67,43.77,1,-61.97
PRD00173,Product_173,SKU-00000173,Health & Beauty,Brand_F,340.38,942.96,39.55,1,177.03
PRD00174,Product_174,SKU-00000174,Health & Beauty,Brand_B,40.69,84.07,7.14,1,106.61
PRD00175,Product_175,SKU-00000175,Books,Brand_C,106.67,444.07,27.32,1,316.3
PRD00176,Product_176,SKU-00000176,Home & Garden,Brand_A,193.81,534.58,5.37,1,175.83
PRD00177,Product_177,SKU-00000177,Sports,Brand_C,491.11,985.45,2.36,1,100.66
PRD00178,Product_178,SKU-00000178,Sports,Brand_G,393.51,174.36,32.85,1,-55.69
PRD00179,Product_179,SKU-00000179,Electronics,Brand_F,368.08,123.29,26.8,1,-66.5
PRD00180,Product_180,SKU-00000180,Electronics,Brand_A,62.51,18.62,4.19,1,-70.21
PRD00181,Product_181,SKU-00000181,Sports,Brand_D,391.59,164.02,1.84,1,-58.11
PRD00182,Product_182,SKU-00000182,Clothing,Brand_F,393.71,215.2,49.49,1,-45.34
PRD00183,Product_183,SKU-00000183,Sports,Brand_D,302.55,634.28,1.6,1,109.64
PRD00184,Product_184,SKU-00000184,Books,Brand_H,495.23,227.51,22.28,1,-54.06
PRD00185,Product_185,SKU-00000185,Sports,Brand_E,166,30.32,25.28,1,-81.73
PRD00186,Product_186,SKU-00000186,Food & Beverages,Brand_C,470.93,828.35,5.95,1,75.9
PRD00187,Product_187,SKU-00000187,Toys,Brand_A,457.79,371.94,8.54,1,-18.75
PRD00188,Product_188,SKU-00000188,Food & Beverages,Brand_D,10.68,360.16,17.66,1,3272.28
PRD00189,Product_189,SKU-00000189,Food & Beverages,Brand_B,227.81,309.45,38.11,1,35.84
PRD00190,Product_190,SKU-00000190,Clothing,Brand_D,488.67,975.62,25.4,1,99.65
PRD00191,Product_191,SKU-00000191,Clothing,Brand_B,56.05,178.41,31.93,1,218.31
PRD00192,Product_192,SKU-00000192,Health & Beauty,Brand_F,276.15,899.26,49.26,1,225.64
PRD00193,Product_193,SKU-00000193,Sports,Brand_A,489.58,779.04,38.42,1,59.12
PRD00194,Product_194,SKU-00000194,Food & Beverages,Brand_D,279.97,85.72,21.77,1,-69.38
PRD00195,Product_195,SKU-00000195,Clothing,Brand_G,98.96,986.86,22.38,1,897.23
PRD00196,Product_196,SKU-00000196,Electronics,Brand_D,293.18,278.65,30.98,1,-4.96
PRD00197,Product_197,SKU-00000197,Sports,Brand_H,106.2,107.6,33.3,1,1.32
PRD00198,Product_198,SKU-00000198,Books,Brand_G,262.25,831.02,25.09,1,216.88
PRD00199,Product_199,SKU-00000199,Toys,Brand_A,41.65,709.61,32.28,1,1603.75
PRD00200,Product_200,SKU-00000200,Home & Garden,Brand_H,304.71,621.05,1.27,1,103.82
PRD00201,Product_201,SKU-00000201,Sports,Brand_D,260.81,164.42,21.54,1,-36.96
PRD00202,Product_202,SKU-00000202,Home & Garden,Brand_B,371.38,483.71,14.02,1,30.25
PRD00203,Product_203,SKU-00000203,Food & Beverages,Brand_D,317.2,782.75,6.55,1,146.77
PRD00204,Product_204,SKU-00000204,Toys,Brand_C,277.06,310.59,5.07,1,12.1
PRD00205,Product_205,SKU-00000205,Home & Garden,Brand_F,346.44,318.57,30.2,1,-8.04
PRD00206,Product_206,SKU-00000206,Food & Beverages,Brand_E,76.25,13.11,26.23,1,-82.81
PRD00207,Product_207,SKU-00000207,Electronics,Brand_B,299.7,182.5,12.75,0,-39.11
PRD00208,Product_208,SKU-00000208,Home & Garden,Brand_C,90.19,876.65,23.6,1,872
PRD00209,Product_209,SKU-00000209,Toys,Brand_G,463.13,447.33,24.66,1,-3.41
PRD00210,Product_210,SKU-00000210,Health & Beauty,Brand_F,38.83,984.39,9.83,1,2435.13
PRD00211,Product_211,SKU-00000211,Sports,Brand_A,218.04,401.75,32.64,1,84.26
PRD00212,Product_212,SKU-00000212,Food & Beverages,Brand_B,349.42,718.03,39.07,1,105.49
PRD00213,Product_213,SKU-00000213,Sports,Brand_E,231.72,289.1,39.59,1,24.76
PRD00214,Product_214,SKU-00000214,Toys,Brand_F,50.59,370.17,30.16,1,631.71
PRD00215,Product_215,SKU-00000215,Clothing,Brand_G,278.92,198.82,25.63,1,-28.72
PRD00216,Product_216,SKU-00000216,Food & Beverages,Brand_H,322.61,353.59,3.14,1,9.6
PRD00217,Product_217,SKU-00000217,Home & Garden,Brand_H,353.38,551.77,14.46,1,56.14
PRD00218,Product_218,SKU-00000218,Food & Beverages,Brand_E,189.76,991.86,4.75,0,422.69
PRD00219,Product_219,SKU-00000219,Sports,Brand_A,284.01,667.56,48.19,1,135.05
PRD00220,Product_220,SKU-00000220,Electronics,Brand_A,228.09,207.25,6.84,1,-9.14
PRD00221,Product_221,SKU-00000221,Food & Beverages,Brand_G,337.67,54.51,7.67,1,-83.86
PRD00222,Product_222,SKU-00000222,Home & Garden,Brand_B,293.86,135.09,44.49,1,-54.03
PRD00223,Product_223,SKU-00000223,Clothing,Brand_G,265.25,566.93,47.2,0,113.73
PRD00224,Product_224,SKU-00000224,Health & Beauty,Brand_D,128.51,767.51,38.31,1,497.24
PRD00225,Product_225,SKU-00000225,Books,Brand_A,6,941.02,0.37,1,15583.67
PRD00226,Product_226,SKU-00000226,Electronics,Brand_F,91.17,25.66,0.17,1,-71.85
PRD00227,Product_227,SKU-00000227,Health & Beauty,Brand_D,62.95,527.53,18.97,0,738.01
PRD00228,Product_228,SKU-00000228,Clothing,Brand_H,227.3,476.16,7.26,1,109.49
PRD00229,Product_229,SKU-00000229,Food & Beverages,Brand_H,308.07,659.49,1.02,1,114.07
PRD00230,Product_230,SKU-00000230,Sports,Brand_C,110.48,563.98,23.26,1,410.48
PRD00231,Product_231,SKU-00000231,Toys,Brand_E,469.83,690.17,47.16,1,46.9
PRD00232,Product_232,SKU-00000232,Sports,Brand_D,8.31,661.5,16.26,1,7860.29
PRD00233,Product_233,SKU-00000233,Health & Beauty,Brand_E,387.29,125.84,33.09,0,-67.51
PRD00234,Product_234,SKU-00000234,Home & Garden,Brand_G,314.48,801.72,32.65,1,154.94
PRD00235,Product_235,SKU-00000235,Sports,Brand_D,189.91,132,12.63,1,-30.49
PRD00236,Product_236,SKU-00000236,Electronics,Brand_G,29.99,701.55,32.56,1,2239.28
PRD00237,Product_237,SKU-00000237,Sports,Brand_C,315.61,421.98,10.7,1,33.7
PRD00238,Product_238,SKU-00000238,Home & Garden,Brand_A,195.88,518.71,6.19,1,164.81
PRD00239,Product_239,SKU-00000239,Books,Brand_H,468.45,904.27,35.1,0,93.03
PRD00240,Product_240,SKU-00000240,Food & Beverages,Brand_C,273.29,890.98,5.76,1,226.02
PRD00241,Product_241,SKU-00000241,Toys,Brand_H,470.13,819.68,49.85,1,74.35
PRD00242,Product_242,SKU-00000242,Health & Beauty,Brand_A,114.14,515.05,9.25,1,351.24
PRD00243,Product_243,SKU-00000243,Food & Beverages,Brand_G,364.23,738.88,29.75,1,102.86
PRD00244,Product_244,SKU-00000244,Sports,Brand_A,310.54,517.77,20.63,1,66.73
PRD00245,Product_245,SKU-00000245,Clothing,Brand_H,371.01,870.91,6.41,1,134.74
PRD00246,Product_246,SKU-00000246,Food & Beverages,Brand_H,111.26,408.75,1.49,1,267.38
PRD00247,Product_247,SKU-00000247,Books,Brand_E,334.17,970.53,31.17,1,190.43
PRD00248,Product_248,SKU-00000248,Sports,Brand_F,251.53,933,40.36,1,270.93
PRD00249,Product_249,SKU-00000249,Toys,Brand_C,372.7,744.19,42.12,1,99.68
PRD00250,Product_250,SKU-00000250,Home & Garden,Brand_D,166.89,286.62,24.19,1,71.74
PRD00251,Product_251,SKU-00000251,Books,Brand_H,445.58,140.34,38.9,0,-68.5
PRD00252,Product_252,SKU-00000252,Sports,Brand_C,46.73,856.16,33.68,1,1732.14
PRD00253,Product_253,SKU-00000253,Books,Brand_E,404.56,173.65,36.24,1,-57.08
PRD00254,Product_254,SKU-00000254,Food & Beverages,Brand_A,431.35,855.72,24.68,1,98.38
PRD00255,Product_255,SKU-00000255,Toys,Brand_E,409.54,495.86,31.71,1,21.08
PRD00256,Product_256,SKU-00000256,Home & Garden,Brand_B,258.8,412.49,40.3,1,59.39
PRD00257,Product_257,SKU-00000257,Sports,Brand_B,222,904.16,19.95,1,307.28
PRD00258,Product_258,SKU-00000258,Electronics,Brand_D,498.15,607.81,40.32,1,22.01
PRD00259,Product_259,SKU-00000259,Health & Beauty,Brand_E,118.44,580.85,29.64,1,390.42
PRD00260,Product_260,SKU-00000260,Home & Garden,Brand_G,275.7,563.18,8.38,1,104.27
PRD00261,Product_261,SKU-00000261,Electronics,Brand_D,336.98,377.46,1.33,1,12.01
PRD00262,Product_262,SKU-00000262,Books,Brand_G,351.93,787.79,18.2,0,123.85
PRD00263,Product_263,SKU-00000263,Clothing,Brand_D,105.99,260.27,27.38,1,145.56
PRD00264,Product_264,SKU-00000264,Home & Garden,Brand_B,328.73,939.51,42.01,1,185.8
PRD00265,Product_265,SKU-00000265,Books,Brand_D,410.09,895.05,6.46,1,118.26
PRD00266,Product_266,SKU-00000266,Electronics,Brand_B,29.76,344.11,40.03,1,1056.28
PRD00267,Product_267,SKU-00000267,Food & Beverages,Brand_H,456.2,732.17,43.16,1,60.49
PRD00268,Product_268,SKU-00000268,Food & Beverages,Brand_A,19.6,577.49,7.62,1,2846.38
PRD00269,Product_269,SKU-00000269,Clothing,Brand_G,181.21,344.27,42.59,0,89.98
PRD00270,Product_270,SKU-00000270,Health & Beauty,Brand_E,12.83,988.64,49.57,1,7605.69
PRD00271,Product_271,SKU-00000271,Home & Garden,Brand_H,43.19,34.98,36.37,1,-19.01
PRD00272,Product_272,SKU-00000272,Home & Garden,Brand_H,456.03,260.12,39.26,1,-42.96
PRD00273,Product_273,SKU-00000273,Home & Garden,Brand_D,180.66,524.87,49.72,0,190.53
PRD00274,Product_274,SKU-00000274,Health & Beauty,Brand_B,215.26,526.73,30.31,1,144.69
PRD00275,Product_275,SKU-00000275,Books,Brand_C,111.6,593.04,15.46,1,431.4
PRD00276,Product_276,SKU-00000276,Toys,Brand_G,300.56,754.16,41.89,1,150.92
PRD00277,Product_277,SKU-00000277,Toys,Brand_H,299.43,627.24,30.76,1,109.48
PRD00278,Product_278,SKU-00000278,Clothing,Brand_D,189.24,604.28,29.1,1,219.32
PRD00279,Product_279,SKU-00000279,Home & Garden,Brand_F,169.85,62.98,12.76,1,-62.92
PRD00280,Product_280,SKU-00000280,Books,Brand_A,443.06,382.76,37.84,1,-13.61
PRD00281,Product_281,SKU-00000281,Food & Beverages,Brand_A,194.73,239.74,4.18,1,23.11
PRD00282,Product_282,SKU-00000282,Electronics,Brand_C,249.28,272.72,46.22,1,9.4
PRD00283,Product_283,SKU-00000283,Books,Brand_B,145.24,558.79,16.36,1,284.74
PRD00284,Product_284,SKU-00000284,Health & Beauty,Brand_D,394.45,207.51,6.48,1,-47.39
PRD00285,Product_285,SKU-00000285,Toys,Brand_G,201.74,301.01,22.17,1,49.21
PRD00286,Product_286,SKU-00000286,Toys,Brand_B,259.24,244.71,2.22,1,-5.6
PRD00287,Product_287,SKU-00000287,Food & Beverages,Brand_A,130.41,949.02,34.26,1,627.72
PRD00288,Product_288,SKU-00000288,Food & Beverages,Brand_B,493.89,945.22,45.15,1,91.38
PRD00289,Product_289,SKU-00000289,Health & Beauty,Brand_A,149.29,613.84,41.88,0,311.17
PRD00290,Product_290,SKU-00000290,Electronics,Brand_B,386.52,925.28,6.46,1,139.39
PRD00291,Product_291,SKU-00000291,Food & Beverages,Brand_C,216.61,787.95,6.4,1,263.76
PRD00292,Product_292,SKU-00000292,Clothing,Brand_E,107.08,594.05,40.69,1,454.77
PRD00293,Product_293,SKU-00000293,Electronics,Brand_C,400.86,16.37,46.22,1,-95.92
PRD00294,Product_294,SKU-00000294,Food & Beverages,Brand_C,170.14,774.79,23.09,0,355.38
PRD00295,Product_295,SKU-00000295,Sports,Brand_E,433.27,705.46,25,1,62.82
PRD00296,Product_296,SKU-00000296,Books,Brand_E,458.05,619.1,15.98,1,35.16
PRD00297,Product_297,SKU-00000297,Food & Beverages,Brand_H,430.61,762.82,44.72,1,77.15
PRD00298,Product_298,SKU-00000298,Clothing,Brand_H,22.33,517.79,32.28,1,2218.81
PRD00299,Product_299,SKU-00000299,Home & Garden,Brand_D,394.75,707.04,14.48,1,79.11
PRD00300,Product_300,SKU-00000300,Food & Beverages,Brand_G,208.61,935.82,15.01,1,348.6
PRD00301,Product_301,SKU-00000301,Toys,Brand_G,437.49,382.05,44.57,1,-12.67
PRD00302,Product_302,SKU-00000302,Toys,Brand_D,320.79,711.04,0.78,0,121.65
PRD00303,Product_303,SKU-00000303,Toys,Brand_C,417.65,480.93,16.2,1,15.15
PRD00304,Product_304,SKU-00000304,Home & Garden,Brand_C,252.22,677.66,27.76,1,168.68
PRD00305,Product_305,SKU-00000305,Toys,Brand_A,269.84,765.26,7.5,1,183.6
PRD00306,Product_306,SKU-00000306,Sports,Brand_A,76.47,55,4.7,1,-28.08
PRD00307,Product_307,SKU-00000307,Food & Beverages,Brand_G,393.07,650.13,40.78,1,65.4
PRD00308,Product_308,SKU-00000308,Health & Beauty,Brand_D,212.6,234.47,44.73,1,10.29
PRD00309,Product_309,SKU-00000309,Toys,Brand_F,252.54,673.33,41.2,1,166.62
PRD00310,Product_310,SKU-00000310,Electronics,Brand_H,393.62,473.65,44.95,1,20.33
PRD00311,Product_311,SKU-00000311,Health & Beauty,Brand_F,301.43,775.82,27.7,1,157.38
PRD00312,Product_312,SKU-00000312,Home & Garden,Brand_D,104.54,132.17,40.63,1,26.43
PRD00313,Product_313,SKU-00000313,Sports,Brand_A,297.17,630.06,19.26,1,112.02
PRD00314,Product_314,SKU-00000314,Electronics,Brand_G,206.78,285.69,33.35,0,38.16
PRD00315,Product_315,SKU-00000315,Electronics,Brand_G,237.42,854.45,49.44,0,259.89
PRD00316,Product_316,SKU-00000316,Electronics,Brand_A,19.01,929.1,11.36,0,4787.43
PRD00317,Product_317,SKU-00000317,Electronics,Brand_F,108.96,996.43,19.56,1,814.49
PRD00318,Product_318,SKU-00000318,Health & Beauty,Brand_B,144.11,798.05,24.05,1,453.78
PRD00319,Product_319,SKU-00000319,Health & Beauty,Brand_B,357.92,756.2,6.99,1,111.28
PRD00320,Product_320,SKU-00000320,Food & Beverages,Brand_A,10.69,223.35,4.14,0,1989.34
PRD00321,Product_321,SKU-00000321,Toys,Brand_B,207.34,342.65,41.5,1,65.26
PRD00322,Product_322,SKU-00000322,Books,Brand_E,462.39,471.03,48.84,1,1.87
PRD00323,Product_323,SKU-00000323,Food & Beverages,Brand_D,60.38,775.65,20.3,1,1184.61
PRD00324,Product_324,SKU-00000324,Food & Beverages,Brand_D,260.63,915.82,4.47,1,251.39
PRD00325,Product_325,SKU-00000325,Sports,Brand_A,394.33,197.25,3.38,1,-49.98
PRD00326,Product_326,SKU-00000326,Sports,Brand_C,471.55,923.14,44.58,1,95.77
PRD00327,Product_327,SKU-00000327,Toys,Brand_H,374.65,698.67,23.24,1,86.49
PRD00328,Product_328,SKU-00000328,Books,Brand_F,361.68,614.66,16.07,1,69.95
PRD00329,Product_329,SKU-00000329,Sports,Brand_A,414.11,207.84,23.88,1,-49.81
PRD00330,Product_330,SKU-00000330,Toys,Brand_B,225.87,64.97,15.98,1,-71.24
PRD00331,Product_331,SKU-00000331,Toys,Brand_F,403.89,572.78,24.5,1,41.82
PRD00332,Product_332,SKU-00000332,Health & Beauty,Brand_C,8.94,655,42.99,1,7226.62
PRD00333,Product_333,SKU-00000333,Clothing,Brand_B,462.66,218.67,29.66,1,-52.74
PRD00334,Product_334,SKU-00000334,Health & Beauty,Brand_G,224.44,560.89,34.76,1,149.91
PRD00335,Product_335,SKU-00000335,Books,Brand_H,278.92,857.93,18.3,0,207.59
PRD00336,Product_336,SKU-00000336,Sports,Brand_E,131.17,836.72,36.95,1,537.89
PRD00337,Product_337,SKU-00000337,Books,Brand_B,372.55,928.08,33.36,0,149.12
PRD00338,Product_338,SKU-00000338,Food & Beverages,Brand_E,42.93,372.23,6.07,0,767.06
PRD00339,Product_339,SKU-00000339,Food & Beverages,Brand_F,436.95,324.87,28.67,1,-25.65
PRD00340,Product_340,SKU-00000340,Books,Brand_E,414.92,751.93,12.91,1,81.22
PRD00341,Product_341,SKU-00000341,Clothing,Brand_F,111.95,436.8,40.22,1,290.17
PRD00342,Product_342,SKU-00000342,Clothing,Brand_F,405.62,96.67,21.35,1,-76.17
PRD00343,Product_343,SKU-00000343,Health & Beauty,Brand_F,394.25,289.97,49.73,1,-26.45
PRD00344,Product_344,SKU-00000344,Books,Brand_F,317.95,424.4,4.72,1,33.48
PRD00345,Product_345,SKU-00000345,Sports,Brand_F,189.89,299.59,39.04,1,57.77
PRD00346,Product_346,SKU-00000346,Health & Beauty,Brand_B,139.39,338.88,33.72,1,143.12
PRD00347,Product_347,SKU-00000347,Home & Garden,Brand_F,119.73,300.84,38.4,1,151.27
PRD00348,Product_348,SKU-00000348,Clothing,Brand_B,162.71,51.08,15.45,1,-68.61
PRD00349,Product_349,SKU-00000349,Electronics,Brand_F,452.26,640.72,24.65,1,41.67
PRD00350,Product_350,SKU-00000350,Health & Beauty,Brand_E,43.43,601.32,39.85,1,1284.57
PRD00351,Product_351,SKU-00000351,Food & Beverages,Brand_G,415.29,656.85,11.7,1,58.17
PRD00352,Product_352,SKU-00000352,Health & Beauty,Brand_F,177.7,200.39,11.38,1,12.77
PRD00353,Product_353,SKU-00000353,Books,Brand_C,263.19,302.7,27.6,1,15.01
PRD00354,Product_354,SKU-00000354,Electronics,Brand_F,398.27,623.42,26.23,1,56.53
PRD00355,Product_355,SKU-00000355,Books,Brand_F,442.77,603.63,14.18,1,36.33
PRD00356,Product_356,SKU-00000356,Toys,Brand_E,175.67,511.27,14.97,1,191.04
PRD00357,Product_357,SKU-00000357,Food & Beverages,Brand_H,233.61,356.91,13.96,1,52.78
PRD00358,Product_358,SKU-00000358,Food & Beverages,Brand_D,210.19,913.8,38.6,0,334.75
PRD00359,Product_359,SKU-00000359,Clothing,Brand_E,11.56,346.37,32.63,1,2896.28
PRD00360,Product_360,SKU-00000360,Health & Beauty,Brand_C,151.49,461.06,41.64,1,204.35
PRD00361,Product_361,SKU-00000361,Clothing,Brand_D,232.3,681.33,48.78,1,193.3
PRD00362,Product_362,SKU-00000362,Electronics,Brand_A,208.49,547.59,23.76,1,162.65
PRD00363,Product_363,SKU-00000363,Health & Beauty,Brand_A,362.35,353.42,3.43,1,-2.46
PRD00364,Product_364,SKU-00000364,Toys,Brand_H,195.48,441.29,2.5,0,125.75
PRD00365,Product_365,SKU-00000365,Books,Brand_C,247.24,796.54,14.85,1,222.17
PRD00366,Product_366,SKU-00000366,Toys,Brand_E,217.66,285.35,46.63,1,31.1
PRD00367,Product_367,SKU-00000367,Food & Beverages,Brand_B,371.61,150.83,26.21,1,-59.41
PRD00368,Product_368,SKU-00000368,Electronics,Brand_C,432.17,320.03,13.66,1,-25.95
PRD00369,Product_369,SKU-00000369,Home & Garden,Brand_G,268.29,851.04,20.02,1,217.21
PRD00370,Product_370,SKU-00000370,Electronics,Brand_D,395.77,98.1,29.97,1,-75.21
PRD00371,Product_371,SKU-00000371,Sports,Brand_D,151.91,991.78,32.68,1,552.87
PRD00372,Product_372,SKU-00000372,Electronics,Brand_F,272.98,545.59,7.78,1,99.86
PRD00373,Product_373,SKU-00000373,Toys,Brand_A,175.89,985,48.85,1,460.01
PRD00374,Product_374,SKU-00000374,Sports,Brand_H,210.03,939.61,27.28,1,347.37
PRD00375,Product_375,SKU-00000375,Sports,Brand_D,367.54,458.29,6.87,1,24.69
PRD00376,Product_376,SKU-00000376,Health & Beauty,Brand_C,441.42,206.51,44.69,1,-53.22
PRD00377,Product_377,SKU-00000377,Health & Beauty,Brand_D,65.14,173.24,3.82,1,165.95
PRD00378,Product_378,SKU-00000378,Sports,Brand_H,319.15,247.59,45.4,1,-22.42
PRD00379,Product_379,SKU-00000379,Home & Garden,Brand_H,293.16,713.03,49.83,1,143.22
PRD00380,Product_380,SKU-00000380,Health & Beauty,Brand_H,63.62,280.22,35.05,1,340.46
PRD00381,Product_381,SKU-00000381,Electronics,Brand_C,109.89,348.01,38.55,1,216.69
PRD00382,Product_382,SKU-00000382,Toys,Brand_B,158.95,454.29,16.93,1,185.81
PRD00383,Product_383,SKU-00000383,Electronics,Brand_F,87.63,914.1,47.08,1,943.14
PRD00384,Product_384,SKU-00000384,Home & Garden,Brand_A,125.65,197.5,26.53,1,57.18
PRD00385,Product_385,SKU-00000385,Food & Beverages,Brand_D,137.46,14.98,36.65,1,-89.1
PRD00386,Product_386,SKU-00000386,Clothing,Brand_C,171.16,69.5,46.21,1,-59.39
PRD00387,Product_387,SKU-00000387,Toys,Brand_E,375.95,905.72,48.76,1,140.92
PRD00388,Product_388,SKU-00000388,Health & Beauty,Brand_A,288.1,651.04,41.68,1,125.98
PRD00389,Product_389,SKU-00000389,Toys,Brand_B,493.19,280.31,15.22,1,-43.16
PRD00390,Product_390,SKU-00000390,Electronics,Brand_C,210.29,185.42,48.33,1,-11.83
PRD00391,Product_391,SKU-00000391,Clothing,Brand_G,378.16,301.32,31.44,1,-20.32
PRD00392,Product_392,SKU-00000392,Books,Brand_G,436.38,123.65,46.54,1,-71.66
PRD00393,Product_393,SKU-00000393,Books,Brand_F,341.09,942.12,33.84,0,176.21
PRD00394,Product_394,SKU-00000394,Health & Beauty,Brand_F,208.87,786.36,15.43,1,276.48
PRD00395,Product_395,SKU-00000395,Home & Garden,Brand_B,378.03,467.77,18.56,1,23.74
PRD00396,Product_396,SKU-00000396,Books,Brand_B,105.82,866.31,27.57,1,718.66
PRD00397,Product_397,SKU-00000397,Toys,Brand_F,167.14,256.96,39.52,1,53.74
PRD00398,Product_398,SKU-00000398,Books,Brand_D,275.61,719.95,15.97,1,161.22
PRD00399,Product_399,SKU-00000399,Food & Beverages,Brand_D,289.83,857.57,29.03,1,195.89
PRD00400,Product_400,SKU-00000400,Food & Beverages,Brand_C,15.96,363.2,17.35,1,2175.69
PRD00401,Product_401,SKU-00000401,Health & Beauty,Brand_E,472.83,759.89,40.81,1,60.71
PRD00402,Product_402,SKU-00000402,Food & Beverages,Brand_C,349.83,302.12,23.39,1,-13.64
PRD00403,Product_403,SKU-00000403,Books,Brand_E,250.37,305.87,3.93,1,22.17
PRD00404,Product_404,SKU-00000404,Home & Garden,Brand_B,466.9,115.99,8.39,1,-75.16
PRD00405,Product_405,SKU-00000405,Sports,Brand_A,222.35,445.66,3.15,1,100.43
PRD00406,Product_406,SKU-00000406,Sports,Brand_C,490.32,732.41,25.02,1,49.37
PRD00407,Product_407,SKU-00000407,Health & Beauty,Brand_C,258.58,940.82,5.41,1,263.84
PRD00408,Product_408,SKU-00000408,Clothing,Brand_E,61.57,607.76,5.8,1,887.1
PRD00409,Product_409,SKU-00000409,Sports,Brand_H,383.58,864.5,47.06,1,125.38
PRD00410,Product_410,SKU-00000410,Sports,Brand_B,341.05,824.27,43.65,1,141.69
PRD00411,Product_411,SKU-00000411,Food & Beverages,Brand_B,387.63,181.61,22.66,1,-53.15
PRD00412,Product_412,SKU-00000412,Food & Beverages,Brand_G,475.96,490.96,49.29,1,3.15
PRD00413,Product_413,SKU-00000413,Books,Brand_H,389.36,125.75,0.11,1,-67.7
PRD00414,Product_414,SKU-00000414,Health & Beauty,Brand_E,307.61,685.33,30.74,1,122.79
PRD00415,Product_415,SKU-00000415,Clothing,Brand_B,429.37,950.4,30.86,0,121.35
PRD00416,Product_416,SKU-00000416,Health & Beauty,Brand_H,338.26,145.72,22.93,1,-56.92
PRD00417,Product_417,SKU-00000417,Electronics,Brand_F,207.02,736.54,19.91,1,255.78
PRD00418,Product_418,SKU-00000418,Toys,Brand_H,443.38,635.92,22.82,1,43.43
PRD00419,Product_419,SKU-00000419,Clothing,Brand_D,114.84,587.77,20.81,1,411.82
PRD00420,Product_420,SKU-00000420,Clothing,Brand_G,358.75,396.22,36.55,1,10.44
PRD00421,Product_421,SKU-00000421,Home & Garden,Brand_F,441.37,361.58,6.85,1,-18.08
PRD00422,Product_422,SKU-00000422,Health & Beauty,Brand_A,367,54.8,9.96,0,-85.07
PRD00423,Product_423,SKU-00000423,Books,Brand_C,350.15,225.73,9.11,1,-35.53
PRD00424,Product_424,SKU-00000424,Home & Garden,Brand_G,377.56,25.03,13.2,1,-93.37
PRD00425,Product_425,SKU-00000425,Clothing,Brand_A,235.2,585.6,26.31,0,148.98
PRD00426,Product_426,SKU-00000426,Clothing,Brand_C,437.71,114.79,5.65,1,-73.77
PRD00427,Product_427,SKU-00000427,Clothing,Brand_D,105.7,874.29,43.42,0,727.14
PRD00428,Product_428,SKU-00000428,Sports,Brand_H,68.06,527.91,14.94,0,675.65
PRD00429,Product_429,SKU-00000429,Health & Beauty,Brand_B,146.33,702.69,8.21,1,380.21
PRD00430,Product_430,SKU-00000430,Toys,Brand_F,268.13,416.75,33.81,1,55.43
PRD00431,Product_431,SKU-00000431,Toys,Brand_E,257.73,564.97,2,1,119.21
PRD00432,Product_432,SKU-00000432,Home & Garden,Brand_F,411.2,943.23,31.04,1,129.38
PRD00433,Product_433,SKU-00000433,Clothing,Brand_D,205.26,91.91,34.94,1,-55.22
PRD00434,Product_434,SKU-00000434,Toys,Brand_A,244.75,261.4,10.82,1,6.8
PRD00435,Product_435,SKU-00000435,Food & Beverages,Brand_E,11.62,782.19,2.19,1,6631.41
PRD00436,Product_436,SKU-00000436,Health & Beauty,Brand_B,207.82,107.75,18.25,1,-48.15
PRD00437,Product_437,SKU-00000437,Toys,Brand_D,325.65,84.9,5.02,0,-73.93
PRD00438,Product_438,SKU-00000438,Books,Brand_E,12.68,367.93,5.91,1,2801.66
PRD00439,Product_439,SKU-00000439,Health & Beauty,Brand_D,144.04,101.25,12.79,1,-29.71
PRD00440,Product_440,SKU-00000440,Books,Brand_H,107.94,589.23,14.84,1,445.89
PRD00441,Product_441,SKU-00000441,Toys,Brand_D,25.78,234.01,26.55,1,807.72
PRD00442,Product_442,SKU-00000442,Food & Beverages,Brand_B,242.23,896.74,33.95,1,270.2
PRD00443,Product_443,SKU-00000443,Books,Brand_G,94.95,785.67,29.68,1,727.46
PRD00444,Product_444,SKU-00000444,Sports,Brand_C,372.83,702.71,7.5,0,88.48
PRD00445,Product_445,SKU-00000445,Toys,Brand_E,424.72,620.77,8.69,1,46.16
PRD00446,Product_446,SKU-00000446,Sports,Brand_H,275.06,864.83,43.95,1,214.42
PRD00447,Product_447,SKU-00000447,Toys,Brand_B,490.95,230.83,27.96,1,-52.98
PRD00448,Product_448,SKU-00000448,Electronics,Brand_D,227.99,874.38,43.51,0,283.52
PRD00449,Product_449,SKU-00000449,Electronics,Brand_H,259.12,791.6,18.64,1,205.5
PRD00450,Product_450,SKU-00000450,Electronics,Brand_B,494.66,750.68,30.76,1,51.76
PRD00451,Product_451,SKU-00000451,Books,Brand_G,119.62,565.64,26.23,1,372.86
PRD00452,Product_452,SKU-00000452,Sports,Brand_H,471.56,253.78,16.02,1,-46.18
PRD00453,Product_453,SKU-00000453,Sports,Brand_H,26.2,429.31,23.55,1,1538.59
PRD00454,Product_454,SKU-00000454,Sports,Brand_C,225.96,795.63,25.17,1,252.11
PRD00455,Product_455,SKU-00000455,Food & Beverages,Brand_F,39.65,41.46,10.12,1,4.56
PRD00456,Product_456,SKU-00000456,Sports,Brand_E,365.97,784.23,15.82,1,114.29
PRD00457,Product_457,SKU-00000457,Food & Beverages,Brand_C,306.16,247.67,39.59,1,-19.1
PRD00458,Product_458,SKU-00000458,Electronics,Brand_A,354.78,152.87,45.8,1,-56.91
PRD00459,Product_459,SKU-00000459,Electronics,Brand_E,190.37,124.54,18.05,1,-34.58
PRD00460,Product_460,SKU-00000460,Books,Brand_C,187.89,36.98,15.42,1,-80.32
PRD00461,Product_461,SKU-00000461,Toys,Brand_D,27.43,528.35,9.84,1,1826.18
PRD00462,Product_462,SKU-00000462,Electronics,Brand_E,178.22,226.08,33.96,1,26.85
PRD00463,Product_463,SKU-00000463,Toys,Brand_E,465,989.54,16.22,1,112.8
PRD00464,Product_464,SKU-00000464,Toys,Brand_B,192.72,578.69,49.39,1,200.28
PRD00465,Product_465,SKU-00000465,Health & Beauty,Brand_D,416.53,146.51,16.35,1,-64.83
PRD00466,Product_466,SKU-00000466,Books,Brand_A,421.95,691.87,19.77,1,63.97
PRD00467,Product_467,SKU-00000467,Clothing,Brand_F,189.75,898.77,30.21,1,373.66
PRD00468,Product_468,SKU-00000468,Clothing,Brand_H,317.83,747.73,40.1,1,135.26
PRD00469,Product_469,SKU-00000469,Home & Garden,Brand_G,52.21,85.68,23.53,0,64.11
PRD00470,Product_470,SKU-00000470,Health & Beauty,Brand_C,56.32,896.93,21.19,1,1492.56
PRD00471,Product_471,SKU-00000471,Books,Brand_B,29.09,795.99,49.78,1,2636.3
PRD00472,Product_472,SKU-00000472,Home & Garden,Brand_C,292.6,166.72,0.62,1,-43.02
PRD00473,Product_473,SKU-00000473,Home & Garden,Brand_A,215.91,61.27,44.76,0,-71.62
PRD00474,Product_474,SKU-00000474,Health & Beauty,Brand_H,276.28,561.74,7.54,1,103.32
PRD00475,Product_475,SKU-00000475,Clothing,Brand_A,262.93,164.48,39.32,1,-37.44
PRD00476,Product_476,SKU-00000476,Books,Brand_E,178.35,836.25,30.93,1,368.88
PRD00477,Product_477,SKU-00000477,Clothing,Brand_G,340.35,364.75,17.16,1,7.17
PRD00478,Product_478,SKU-00000478,Home & Garden,Brand_A,380.46,913.76,43.71,1,140.17
PRD00479,Product_479,SKU-00000479,Books,Brand_C,12.24,570.03,0.74,1,4557.11
PRD00480,Product_480,SKU-00000480,Home & Garden,Brand_D,107.58,190.85,11.41,1,77.4
PRD00481,Product_481,SKU-00000481,Sports,Brand_D,358.05,148.2,28.39,1,-58.61
PRD00482,Product_482,SKU-00000482,Health & Beauty,Brand_E,196.38,580.71,17.64,1,195.71
PRD00483,Product_483,SKU-00000483,Toys,Brand_F,332.93,764.26,30.56,1,129.56
PRD00484,Product_484,SKU-00000484,Books,Brand_C,176.75,783.69,1.3,1,343.39
PRD00485,Product_485,SKU-00000485,Books,Brand_C,198.42,283,5.91,1,42.63
PRD00486,Product_486,SKU-00000486,Toys,Brand_A,83.55,212.2,6.44,1,153.98
PRD00487,Product_487,SKU-00000487,Home & Garden,Brand_G,132.82,26.59,9.55,1,-79.98
PRD00488,Product_488,SKU-00000488,Sports,Brand_C,304.68,682.41,23.02,1,123.98
PRD00489,Product_489,SKU-00000489,Food & Beverages,Brand_B,219.42,85.8,37.63,0,-60.9
PRD00490,Product_490,SKU-00000490,Toys,Brand_F,388.28,426.55,45.29,1,9.86
PRD00491,Product_491,SKU-00000491,Health & Beauty,Brand_A,427.03,605.67,41.79,1,41.83
PRD00492,Product_492,SKU-00000492,Clothing,Brand_B,273.11,937.74,9.92,0,243.36
PRD00493,Product_493,SKU-00000493,Home & Garden,Brand_E,380.34,318.68,22.11,1,-16.21
PRD00494,Product_494,SKU-00000494,Toys,Brand_D,156.92,257.27,10.05,1,63.95
PRD00495,Product_495,SKU-00000495,Toys,Brand_E,210.41,657.62,13.3,1,212.54
PRD00496,Product_496,SKU-00000496,Books,Brand_D,357.82,623.05,25.23,1,74.12
PRD00497,Product_497,SKU-00000497,Clothing,Brand_E,196.17,338.79,3.5,1,72.7
PRD00498,Product_498,SKU-00000498,Clothing,Brand_C,296.31,928.82,10.99,1,213.46
PRD00499,Product_499,SKU-00000499,Health & Beauty,Brand_B,96.76,846.41,46.78,1,774.75
PRD00500,Product_500,SKU-00000500,Clothing,Brand_D,301.89,231.74,23.36,1,-23.24
