Customer_ID,Customer_Name,Customer_Type,Customer_Segment,City,Country,Registration_Date,Credit_Limit,Is_Active
CUST000001,Customer_1,Government,Standard,Bucharest,Romania,2023-05-19 00:00:00,10000,1
CUST000002,Customer_2,B2C,Budget,Constanta,Romania,2023-08-23 00:00:00,25000,1
CUST000003,Customer_3,Reseller,Premium,Iasi,Romania,2023-01-03 00:00:00,10000,0
CUST000004,Customer_4,Reseller,Budget,Constanta,Romania,2023-09-13 00:00:00,50000,1
CUST000005,Customer_5,Government,Premium,Brasov,Romania,2024-01-06 00:00:00,100000,1
CUST000006,Customer_6,B2B,Standard,Constanta,Romania,2023-10-05 00:00:00,100000,1
CUST000007,Customer_7,Reseller,Premium,Iasi,Romania,2024-05-30 00:00:00,25000,0
CUST000008,Customer_8,Government,Premium,Timisoara,Romania,2023-07-31 00:00:00,50000,1
CUST000009,Customer_9,Reseller,Premium,Iasi,Romania,2023-08-04 00:00:00,50000,1
CUST000010,Customer_10,Government,Standard,Cluj-Napoca,Romania,2023-09-27 00:00:00,5000,1
CUST000011,Customer_11,Reseller,Premium,Iasi,Romania,2024-04-20 00:00:00,10000,1
CUST000012,Customer_12,Reseller,Premium,Brasov,Romania,2024-06-11 00:00:00,25000,1
CUST000013,Customer_13,B2B,Budget,Iasi,Romania,2023-03-05 00:00:00,100000,1
CUST000014,Customer_14,B2B,Budget,Iasi,Romania,2024-04-04 00:00:00,5000,1
CUST000015,Customer_15,Reseller,Budget,Brasov,Romania,2023-01-16 00:00:00,50000,0
CUST000016,Customer_16,Government,Premium,Iasi,Romania,2024-07-17 00:00:00,10000,1
CUST000017,Customer_17,B2B,Premium,Brasov,Romania,2023-01-19 00:00:00,100000,0
CUST000018,Customer_18,B2C,Standard,Cluj-Napoca,Romania,2023-11-21 00:00:00,5000,1
CUST000019,Customer_19,B2B,Premium,Brasov,Romania,2023-04-03 00:00:00,50000,1
CUST000020,Customer_20,Reseller,Premium,Cluj-Napoca,Romania,2023-01-17 00:00:00,100000,1
CUST000021,Customer_21,Reseller,Standard,Cluj-Napoca,Romania,2024-09-14 00:00:00,100000,1
CUST000022,Customer_22,B2C,Premium,Brasov,Romania,2024-05-02 00:00:00,50000,1
CUST000023,Customer_23,B2B,Standard,Iasi,Romania,2023-04-04 00:00:00,50000,1
CUST000024,Customer_24,Reseller,Standard,Constanta,Romania,2023-01-10 00:00:00,25000,1
CUST000025,Customer_25,B2C,Budget,Timisoara,Romania,2024-12-24 00:00:00,100000,1
CUST000026,Customer_26,B2C,Premium,Constanta,Romania,2024-06-11 00:00:00,50000,1
CUST000027,Customer_27,Government,Budget,Brasov,Romania,2024-05-03 00:00:00,5000,1
CUST000028,Customer_28,B2B,Premium,Iasi,Romania,2023-05-24 00:00:00,10000,1
CUST000029,Customer_29,B2B,Budget,Cluj-Napoca,Romania,2024-07-07 00:00:00,25000,1
CUST000030,Customer_30,B2B,Standard,Bucharest,Romania,2024-05-29 00:00:00,50000,1
CUST000031,Customer_31,Reseller,Standard,Timisoara,Romania,2024-04-14 00:00:00,10000,1
CUST000032,Customer_32,B2C,Standard,Constanta,Romania,2024-01-12 00:00:00,25000,1
CUST000033,Customer_33,Government,Standard,Iasi,Romania,2024-10-29 00:00:00,100000,1
CUST000034,Customer_34,B2B,Premium,Timisoara,Romania,2024-05-08 00:00:00,10000,1
CUST000035,Customer_35,Government,Premium,Bucharest,Romania,2024-11-15 00:00:00,25000,1
CUST000036,Customer_36,Government,Budget,Bucharest,Romania,2024-04-28 00:00:00,50000,1
CUST000037,Customer_37,B2C,Premium,Bucharest,Romania,2024-03-27 00:00:00,50000,1
CUST000038,Customer_38,B2B,Premium,Constanta,Romania,2024-06-19 00:00:00,25000,1
CUST000039,Customer_39,Government,Budget,Brasov,Romania,2023-03-16 00:00:00,100000,1
CUST000040,Customer_40,B2B,Standard,Timisoara,Romania,2023-02-09 00:00:00,25000,1
CUST000041,Customer_41,B2B,Budget,Brasov,Romania,2023-10-29 00:00:00,5000,1
CUST000042,Customer_42,B2B,Budget,Bucharest,Romania,2024-07-05 00:00:00,25000,0
CUST000043,Customer_43,Government,Standard,Iasi,Romania,2023-03-03 00:00:00,25000,1
CUST000044,Customer_44,B2C,Budget,Bucharest,Romania,2024-05-17 00:00:00,50000,1
CUST000045,Customer_45,B2C,Budget,Brasov,Romania,2023-09-02 00:00:00,100000,1
CUST000046,Customer_46,Government,Budget,Bucharest,Romania,2023-01-18 00:00:00,25000,1
CUST000047,Customer_47,Reseller,Premium,Bucharest,Romania,2024-10-13 00:00:00,10000,1
CUST000048,Customer_48,B2B,Standard,Brasov,Romania,2024-02-02 00:00:00,50000,1
CUST000049,Customer_49,B2B,Standard,Brasov,Romania,2024-08-16 00:00:00,50000,1
CUST000050,Customer_50,B2C,Budget,Iasi,Romania,2023-07-08 00:00:00,25000,1
CUST000051,Customer_51,Government,Premium,Brasov,Romania,2024-09-11 00:00:00,10000,1
CUST000052,Customer_52,Government,Standard,Iasi,Romania,2023-04-14 00:00:00,25000,0
CUST000053,Customer_53,Reseller,Standard,Cluj-Napoca,Romania,2024-10-07 00:00:00,10000,1
CUST000054,Customer_54,Reseller,Budget,Cluj-Napoca,Romania,2023-12-10 00:00:00,50000,1
CUST000055,Customer_55,B2C,Budget,Brasov,Romania,2024-01-06 00:00:00,10000,1
CUST000056,Customer_56,Reseller,Budget,Bucharest,Romania,2023-02-02 00:00:00,25000,1
CUST000057,Customer_57,Reseller,Standard,Timisoara,Romania,2024-01-09 00:00:00,5000,1
CUST000058,Customer_58,Government,Budget,Bucharest,Romania,2023-06-27 00:00:00,5000,1
CUST000059,Customer_59,Government,Budget,Brasov,Romania,2023-01-12 00:00:00,10000,1
CUST000060,Customer_60,Reseller,Budget,Iasi,Romania,2024-03-31 00:00:00,25000,1
CUST000061,Customer_61,B2C,Premium,Bucharest,Romania,2024-10-04 00:00:00,100000,1
CUST000062,Customer_62,Reseller,Budget,Cluj-Napoca,Romania,2023-09-06 00:00:00,5000,1
CUST000063,Customer_63,B2C,Standard,Constanta,Romania,2024-03-23 00:00:00,50000,1
CUST000064,Customer_64,Reseller,Budget,Brasov,Romania,2024-07-23 00:00:00,25000,1
CUST000065,Customer_65,Government,Standard,Bucharest,Romania,2023-01-04 00:00:00,25000,1
CUST000066,Customer_66,Government,Premium,Constanta,Romania,2023-08-24 00:00:00,5000,1
CUST000067,Customer_67,B2C,Premium,Bucharest,Romania,2023-06-22 00:00:00,100000,1
CUST000068,Customer_68,Reseller,Budget,Iasi,Romania,2023-11-18 00:00:00,50000,1
CUST000069,Customer_69,Reseller,Standard,Iasi,Romania,2024-01-06 00:00:00,100000,1
CUST000070,Customer_70,B2C,Budget,Iasi,Romania,2024-07-01 00:00:00,50000,1
CUST000071,Customer_71,Reseller,Budget,Constanta,Romania,2023-10-23 00:00:00,5000,0
CUST000072,Customer_72,B2B,Standard,Timisoara,Romania,2024-02-04 00:00:00,25000,1
CUST000073,Customer_73,Government,Standard,Constanta,Romania,2023-02-27 00:00:00,50000,1
CUST000074,Customer_74,Government,Standard,Brasov,Romania,2024-06-13 00:00:00,25000,1
CUST000075,Customer_75,B2C,Standard,Brasov,Romania,2024-07-01 00:00:00,10000,1
CUST000076,Customer_76,Reseller,Standard,Cluj-Napoca,Romania,2024-02-12 00:00:00,10000,1
CUST000077,Customer_77,B2C,Premium,Cluj-Napoca,Romania,2024-10-02 00:00:00,5000,1
CUST000078,Customer_78,B2B,Premium,Brasov,Romania,2024-05-27 00:00:00,5000,0
CUST000079,Customer_79,Reseller,Premium,Bucharest,Romania,2023-03-05 00:00:00,5000,1
CUST000080,Customer_80,B2B,Standard,Brasov,Romania,2024-07-27 00:00:00,10000,1
CUST000081,Customer_81,B2C,Standard,Timisoara,Romania,2024-02-24 00:00:00,50000,0
CUST000082,Customer_82,Government,Standard,Cluj-Napoca,Romania,2023-05-26 00:00:00,100000,1
CUST000083,Customer_83,B2B,Budget,Cluj-Napoca,Romania,2023-09-29 00:00:00,5000,1
CUST000084,Customer_84,Reseller,Premium,Constanta,Romania,2023-01-17 00:00:00,100000,0
CUST000085,Customer_85,B2C,Premium,Cluj-Napoca,Romania,2023-04-08 00:00:00,100000,1
CUST000086,Customer_86,B2C,Budget,Brasov,Romania,2024-03-27 00:00:00,10000,1
CUST000087,Customer_87,B2C,Budget,Cluj-Napoca,Romania,2023-08-31 00:00:00,50000,1
CUST000088,Customer_88,Government,Premium,Cluj-Napoca,Romania,2024-04-23 00:00:00,10000,1
CUST000089,Customer_89,B2C,Standard,Constanta,Romania,2023-07-20 00:00:00,5000,1
CUST000090,Customer_90,B2C,Premium,Brasov,Romania,2024-04-17 00:00:00,10000,0
CUST000091,Customer_91,Government,Standard,Bucharest,Romania,2023-06-28 00:00:00,10000,1
CUST000092,Customer_92,B2C,Premium,Cluj-Napoca,Romania,2024-05-22 00:00:00,10000,1
CUST000093,Customer_93,B2C,Premium,Cluj-Napoca,Romania,2024-03-28 00:00:00,5000,0
CUST000094,Customer_94,B2B,Budget,Cluj-Napoca,Romania,2023-09-27 00:00:00,5000,1
CUST000095,Customer_95,B2C,Budget,Timisoara,Romania,2023-08-22 00:00:00,10000,1
CUST000096,Customer_96,Government,Standard,Brasov,Romania,2024-09-15 00:00:00,10000,1
CUST000097,Customer_97,B2B,Standard,Cluj-Napoca,Romania,2024-04-30 00:00:00,100000,0
CUST000098,Customer_98,B2C,Premium,Timisoara,Romania,2024-07-31 00:00:00,50000,0
CUST000099,Customer_99,Government,Budget,Bucharest,Romania,2023-12-04 00:00:00,100000,1
CUST000100,Customer_100,Reseller,Standard,Bucharest,Romania,2024-03-23 00:00:00,50000,1
CUST000101,Customer_101,B2C,Standard,Constanta,Romania,2024-08-06 00:00:00,50000,1
CUST000102,Customer_102,Reseller,Standard,Constanta,Romania,2023-12-23 00:00:00,10000,1
CUST000103,Customer_103,B2B,Premium,Constanta,Romania,2023-02-18 00:00:00,100000,0
CUST000104,Customer_104,Government,Standard,Timisoara,Romania,2024-05-10 00:00:00,50000,1
CUST000105,Customer_105,B2B,Standard,Bucharest,Romania,2023-12-12 00:00:00,50000,1
CUST000106,Customer_106,Reseller,Budget,Constanta,Romania,2024-12-02 00:00:00,5000,1
CUST000107,Customer_107,Reseller,Budget,Iasi,Romania,2023-10-20 00:00:00,50000,1
CUST000108,Customer_108,Reseller,Budget,Constanta,Romania,2024-11-19 00:00:00,10000,1
CUST000109,Customer_109,Government,Premium,Bucharest,Romania,2024-11-03 00:00:00,25000,1
CUST000110,Customer_110,Reseller,Budget,Iasi,Romania,2023-05-30 00:00:00,5000,0
CUST000111,Customer_111,Reseller,Budget,Timisoara,Romania,2024-08-04 00:00:00,25000,0
CUST000112,Customer_112,Government,Budget,Iasi,Romania,2024-06-28 00:00:00,10000,1
CUST000113,Customer_113,Reseller,Budget,Bucharest,Romania,2023-09-17 00:00:00,25000,1
CUST000114,Customer_114,B2C,Standard,Cluj-Napoca,Romania,2023-11-18 00:00:00,50000,1
CUST000115,Customer_115,Reseller,Premium,Iasi,Romania,2023-03-18 00:00:00,25000,1
CUST000116,Customer_116,Government,Standard,Bucharest,Romania,2023-04-20 00:00:00,100000,1
CUST000117,Customer_117,Reseller,Standard,Constanta,Romania,2024-10-12 00:00:00,10000,1
CUST000118,Customer_118,Government,Premium,Cluj-Napoca,Romania,2024-06-30 00:00:00,100000,1
CUST000119,Customer_119,Reseller,Standard,Timisoara,Romania,2024-02-27 00:00:00,25000,1
CUST000120,Customer_120,B2C,Budget,Timisoara,Romania,2024-01-29 00:00:00,100000,1
CUST000121,Customer_121,Government,Premium,Brasov,Romania,2023-08-23 00:00:00,5000,1
CUST000122,Customer_122,Government,Standard,Timisoara,Romania,2023-11-26 00:00:00,25000,1
CUST000123,Customer_123,Government,Standard,Brasov,Romania,2024-12-12 00:00:00,100000,1
CUST000124,Customer_124,Government,Budget,Timisoara,Romania,2023-11-21 00:00:00,50000,1
CUST000125,Customer_125,Reseller,Standard,Timisoara,Romania,2023-05-31 00:00:00,25000,1
CUST000126,Customer_126,Reseller,Standard,Timisoara,Romania,2024-06-29 00:00:00,5000,1
CUST000127,Customer_127,B2C,Standard,Brasov,Romania,2024-09-27 00:00:00,50000,1
CUST000128,Customer_128,B2C,Premium,Constanta,Romania,2023-02-01 00:00:00,25000,1
CUST000129,Customer_129,Reseller,Premium,Brasov,Romania,2023-09-29 00:00:00,50000,1
CUST000130,Customer_130,B2B,Standard,Iasi,Romania,2024-09-27 00:00:00,25000,1
CUST000131,Customer_131,Government,Standard,Bucharest,Romania,2024-01-03 00:00:00,25000,1
CUST000132,Customer_132,Reseller,Budget,Bucharest,Romania,2024-05-06 00:00:00,10000,0
CUST000133,Customer_133,B2C,Premium,Constanta,Romania,2023-11-12 00:00:00,100000,1
CUST000134,Customer_134,Government,Premium,Bucharest,Romania,2024-08-12 00:00:00,25000,1
CUST000135,Customer_135,B2C,Premium,Timisoara,Romania,2024-08-10 00:00:00,5000,0
CUST000136,Customer_136,B2B,Standard,Constanta,Romania,2024-07-25 00:00:00,100000,1
CUST000137,Customer_137,Government,Budget,Bucharest,Romania,2024-08-19 00:00:00,10000,1
CUST000138,Customer_138,B2B,Budget,Brasov,Romania,2024-01-03 00:00:00,100000,1
CUST000139,Customer_139,B2B,Standard,Iasi,Romania,2023-03-21 00:00:00,100000,1
CUST000140,Customer_140,B2B,Standard,Cluj-Napoca,Romania,2023-06-21 00:00:00,25000,1
CUST000141,Customer_141,Reseller,Budget,Iasi,Romania,2023-09-15 00:00:00,5000,1
CUST000142,Customer_142,B2C,Budget,Bucharest,Romania,2023-10-06 00:00:00,25000,1
CUST000143,Customer_143,Government,Premium,Constanta,Romania,2024-05-18 00:00:00,5000,0
CUST000144,Customer_144,Reseller,Standard,Bucharest,Romania,2024-07-11 00:00:00,5000,1
CUST000145,Customer_145,B2C,Premium,Brasov,Romania,2024-05-05 00:00:00,50000,1
CUST000146,Customer_146,Reseller,Budget,Iasi,Romania,2024-08-07 00:00:00,25000,1
CUST000147,Customer_147,B2C,Premium,Brasov,Romania,2024-07-19 00:00:00,10000,1
CUST000148,Customer_148,Government,Budget,Brasov,Romania,2023-12-03 00:00:00,100000,1
CUST000149,Customer_149,Government,Budget,Cluj-Napoca,Romania,2024-06-04 00:00:00,50000,1
CUST000150,Customer_150,Government,Premium,Brasov,Romania,2023-11-22 00:00:00,10000,1
CUST000151,Customer_151,Government,Standard,Brasov,Romania,2023-06-21 00:00:00,25000,1
CUST000152,Customer_152,B2C,Premium,Cluj-Napoca,Romania,2023-03-25 00:00:00,5000,1
CUST000153,Customer_153,Reseller,Premium,Timisoara,Romania,2024-06-07 00:00:00,25000,1
CUST000154,Customer_154,Government,Standard,Timisoara,Romania,2024-04-25 00:00:00,25000,0
CUST000155,Customer_155,Government,Standard,Constanta,Romania,2024-06-27 00:00:00,50000,1
CUST000156,Customer_156,Government,Premium,Cluj-Napoca,Romania,2024-02-22 00:00:00,10000,1
CUST000157,Customer_157,B2B,Budget,Constanta,Romania,2023-12-05 00:00:00,50000,1
CUST000158,Customer_158,Government,Premium,Constanta,Romania,2023-11-16 00:00:00,10000,0
CUST000159,Customer_159,Government,Budget,Brasov,Romania,2023-10-31 00:00:00,50000,0
CUST000160,Customer_160,B2C,Standard,Constanta,Romania,2023-09-29 00:00:00,100000,1
CUST000161,Customer_161,B2B,Standard,Bucharest,Romania,2024-11-20 00:00:00,5000,1
CUST000162,Customer_162,B2C,Budget,Iasi,Romania,2023-04-24 00:00:00,5000,1
CUST000163,Customer_163,Reseller,Premium,Bucharest,Romania,2024-02-11 00:00:00,5000,1
CUST000164,Customer_164,B2B,Standard,Bucharest,Romania,2023-01-26 00:00:00,100000,1
CUST000165,Customer_165,B2C,Budget,Brasov,Romania,2023-08-25 00:00:00,100000,1
CUST000166,Customer_166,B2C,Budget,Iasi,Romania,2023-11-06 00:00:00,5000,1
CUST000167,Customer_167,Reseller,Premium,Constanta,Romania,2024-11-14 00:00:00,5000,1
CUST000168,Customer_168,Reseller,Budget,Iasi,Romania,2023-08-21 00:00:00,10000,1
CUST000169,Customer_169,Government,Budget,Constanta,Romania,2024-07-02 00:00:00,10000,1
CUST000170,Customer_170,Government,Premium,Timisoara,Romania,2023-09-22 00:00:00,25000,1
CUST000171,Customer_171,B2B,Standard,Cluj-Napoca,Romania,2023-01-13 00:00:00,50000,1
CUST000172,Customer_172,B2B,Standard,Brasov,Romania,2024-05-10 00:00:00,10000,1
CUST000173,Customer_173,Reseller,Standard,Constanta,Romania,2023-11-12 00:00:00,10000,1
CUST000174,Customer_174,B2B,Budget,Constanta,Romania,2024-09-09 00:00:00,10000,1
CUST000175,Customer_175,Government,Budget,Iasi,Romania,2024-09-29 00:00:00,10000,1
CUST000176,Customer_176,Reseller,Premium,Brasov,Romania,2024-01-19 00:00:00,100000,1
CUST000177,Customer_177,B2C,Budget,Constanta,Romania,2024-10-03 00:00:00,25000,1
CUST000178,Customer_178,Reseller,Budget,Timisoara,Romania,2023-11-12 00:00:00,10000,0
CUST000179,Customer_179,B2B,Standard,Bucharest,Romania,2023-09-13 00:00:00,50000,1
CUST000180,Customer_180,Government,Budget,Constanta,Romania,2024-03-16 00:00:00,10000,1
CUST000181,Customer_181,Government,Budget,Iasi,Romania,2023-04-25 00:00:00,100000,1
CUST000182,Customer_182,B2C,Budget,Timisoara,Romania,2023-10-26 00:00:00,5000,0
CUST000183,Customer_183,B2C,Premium,Brasov,Romania,2023-05-04 00:00:00,5000,1
CUST000184,Customer_184,Reseller,Budget,Constanta,Romania,2023-09-13 00:00:00,25000,1
CUST000185,Customer_185,Government,Premium,Timisoara,Romania,2024-10-12 00:00:00,5000,1
CUST000186,Customer_186,B2C,Standard,Timisoara,Romania,2024-12-18 00:00:00,10000,1
CUST000187,Customer_187,B2C,Budget,Timisoara,Romania,2023-02-16 00:00:00,100000,1
CUST000188,Customer_188,Reseller,Premium,Timisoara,Romania,2024-12-29 00:00:00,25000,1
CUST000189,Customer_189,Reseller,Standard,Timisoara,Romania,2024-04-07 00:00:00,10000,1
CUST000190,Customer_190,Government,Budget,Timisoara,Romania,2023-12-16 00:00:00,5000,1
CUST000191,Customer_191,B2B,Premium,Cluj-Napoca,Romania,2023-05-03 00:00:00,50000,1
CUST000192,Customer_192,B2B,Premium,Brasov,Romania,2023-01-31 00:00:00,10000,1
CUST000193,Customer_193,Government,Standard,Bucharest,Romania,2023-02-24 00:00:00,50000,0
CUST000194,Customer_194,B2B,Budget,Brasov,Romania,2023-06-02 00:00:00,50000,1
CUST000195,Customer_195,Government,Budget,Iasi,Romania,2024-03-31 00:00:00,25000,1
CUST000196,Customer_196,Government,Budget,Iasi,Romania,2023-10-13 00:00:00,100000,1
CUST000197,Customer_197,B2C,Premium,Brasov,Romania,2023-02-05 00:00:00,5000,1
CUST000198,Customer_198,B2B,Budget,Timisoara,Romania,2023-09-13 00:00:00,5000,1
CUST000199,Customer_199,Government,Premium,Cluj-Napoca,Romania,2023-06-27 00:00:00,10000,1
CUST000200,Customer_200,B2B,Premium,Bucharest,Romania,2024-07-01 00:00:00,5000,1
CUST000201,Customer_201,B2B,Standard,Constanta,Romania,2023-09-11 00:00:00,25000,1
CUST000202,Customer_202,Reseller,Premium,Constanta,Romania,2024-05-22 00:00:00,5000,1
CUST000203,Customer_203,B2B,Standard,Timisoara,Romania,2024-11-04 00:00:00,10000,1
CUST000204,Customer_204,Government,Standard,Brasov,Romania,2023-01-21 00:00:00,5000,1
CUST000205,Customer_205,B2C,Budget,Constanta,Romania,2023-03-16 00:00:00,100000,1
CUST000206,Customer_206,B2B,Standard,Brasov,Romania,2024-12-19 00:00:00,50000,1
CUST000207,Customer_207,Government,Budget,Cluj-Napoca,Romania,2024-04-04 00:00:00,50000,1
CUST000208,Customer_208,Reseller,Standard,Cluj-Napoca,Romania,2023-06-27 00:00:00,50000,1
CUST000209,Customer_209,B2B,Premium,Brasov,Romania,2024-01-17 00:00:00,100000,1
CUST000210,Customer_210,B2C,Budget,Timisoara,Romania,2023-02-06 00:00:00,25000,1
CUST000211,Customer_211,B2B,Premium,Timisoara,Romania,2023-04-30 00:00:00,10000,1
CUST000212,Customer_212,Government,Budget,Timisoara,Romania,2024-09-21 00:00:00,100000,0
CUST000213,Customer_213,B2B,Premium,Constanta,Romania,2023-01-01 00:00:00,10000,1
CUST000214,Customer_214,B2B,Standard,Bucharest,Romania,2024-12-21 00:00:00,25000,1
CUST000215,Customer_215,Reseller,Budget,Bucharest,Romania,2023-11-07 00:00:00,100000,1
CUST000216,Customer_216,B2B,Budget,Timisoara,Romania,2023-07-27 00:00:00,5000,1
CUST000217,Customer_217,B2C,Budget,Brasov,Romania,2023-06-03 00:00:00,25000,1
CUST000218,Customer_218,B2B,Standard,Cluj-Napoca,Romania,2024-11-13 00:00:00,50000,1
CUST000219,Customer_219,Reseller,Premium,Iasi,Romania,2023-11-11 00:00:00,100000,1
CUST000220,Customer_220,Government,Standard,Cluj-Napoca,Romania,2023-11-03 00:00:00,25000,1
CUST000221,Customer_221,B2B,Standard,Cluj-Napoca,Romania,2024-05-18 00:00:00,25000,1
CUST000222,Customer_222,B2B,Standard,Iasi,Romania,2024-09-10 00:00:00,100000,1
CUST000223,Customer_223,Reseller,Premium,Timisoara,Romania,2024-10-16 00:00:00,50000,1
CUST000224,Customer_224,Reseller,Standard,Cluj-Napoca,Romania,2024-06-03 00:00:00,50000,1
CUST000225,Customer_225,Reseller,Budget,Iasi,Romania,2024-08-28 00:00:00,25000,1
CUST000226,Customer_226,B2B,Standard,Constanta,Romania,2023-04-07 00:00:00,10000,1
CUST000227,Customer_227,B2C,Premium,Brasov,Romania,2024-05-04 00:00:00,25000,1
CUST000228,Customer_228,Reseller,Budget,Brasov,Romania,2023-01-07 00:00:00,100000,1
CUST000229,Customer_229,Government,Premium,Brasov,Romania,2023-01-12 00:00:00,100000,1
CUST000230,Customer_230,B2B,Standard,Timisoara,Romania,2024-05-28 00:00:00,100000,1
CUST000231,Customer_231,Government,Premium,Cluj-Napoca,Romania,2023-12-15 00:00:00,50000,1
CUST000232,Customer_232,Government,Budget,Cluj-Napoca,Romania,2023-01-07 00:00:00,5000,1
CUST000233,Customer_233,B2C,Premium,Bucharest,Romania,2024-05-14 00:00:00,100000,1
CUST000234,Customer_234,Government,Budget,Brasov,Romania,2024-04-19 00:00:00,100000,1
CUST000235,Customer_235,Reseller,Budget,Timisoara,Romania,2024-06-07 00:00:00,10000,1
CUST000236,Customer_236,Reseller,Standard,Iasi,Romania,2023-02-26 00:00:00,10000,0
CUST000237,Customer_237,B2B,Standard,Timisoara,Romania,2024-08-12 00:00:00,25000,1
CUST000238,Customer_238,B2C,Budget,Cluj-Napoca,Romania,2024-08-08 00:00:00,25000,1
CUST000239,Customer_239,B2C,Premium,Brasov,Romania,2023-08-21 00:00:00,25000,0
CUST000240,Customer_240,Government,Budget,Bucharest,Romania,2023-01-30 00:00:00,100000,0
CUST000241,Customer_241,B2C,Standard,Constanta,Romania,2024-01-02 00:00:00,10000,1
CUST000242,Customer_242,Government,Premium,Timisoara,Romania,2024-08-29 00:00:00,25000,1
CUST000243,Customer_243,Government,Budget,Bucharest,Romania,2023-02-25 00:00:00,10000,0
CUST000244,Customer_244,B2C,Standard,Cluj-Napoca,Romania,2023-01-10 00:00:00,100000,1
CUST000245,Customer_245,B2B,Budget,Iasi,Romania,2023-05-27 00:00:00,100000,1
CUST000246,Customer_246,Government,Budget,Timisoara,Romania,2023-12-30 00:00:00,25000,1
CUST000247,Customer_247,Reseller,Budget,Constanta,Romania,2024-08-21 00:00:00,100000,0
CUST000248,Customer_248,Reseller,Premium,Cluj-Napoca,Romania,2023-09-10 00:00:00,100000,1
CUST000249,Customer_249,B2C,Standard,Brasov,Romania,2024-11-29 00:00:00,10000,1
CUST000250,Customer_250,B2C,Standard,Timisoara,Romania,2023-09-10 00:00:00,5000,1
CUST000251,Customer_251,Government,Budget,Bucharest,Romania,2024-03-18 00:00:00,50000,1
CUST000252,Customer_252,Government,Budget,Timisoara,Romania,2023-12-06 00:00:00,25000,0
CUST000253,Customer_253,Reseller,Budget,Cluj-Napoca,Romania,2024-05-30 00:00:00,5000,1
CUST000254,Customer_254,Government,Premium,Cluj-Napoca,Romania,2023-12-19 00:00:00,25000,1
CUST000255,Customer_255,Reseller,Standard,Bucharest,Romania,2024-09-15 00:00:00,5000,1
CUST000256,Customer_256,Government,Budget,Constanta,Romania,2024-12-05 00:00:00,100000,1
CUST000257,Customer_257,B2B,Standard,Cluj-Napoca,Romania,2024-10-14 00:00:00,25000,1
CUST000258,Customer_258,B2B,Budget,Timisoara,Romania,2023-11-19 00:00:00,5000,1
CUST000259,Customer_259,Reseller,Standard,Constanta,Romania,2023-05-20 00:00:00,50000,1
CUST000260,Customer_260,B2B,Budget,Bucharest,Romania,2024-03-20 00:00:00,100000,1
CUST000261,Customer_261,B2B,Premium,Cluj-Napoca,Romania,2023-04-05 00:00:00,25000,1
CUST000262,Customer_262,B2C,Budget,Cluj-Napoca,Romania,2024-07-06 00:00:00,25000,1
CUST000263,Customer_263,Government,Budget,Timisoara,Romania,2024-02-24 00:00:00,5000,1
CUST000264,Customer_264,B2C,Budget,Cluj-Napoca,Romania,2024-05-28 00:00:00,25000,0
CUST000265,Customer_265,Reseller,Budget,Timisoara,Romania,2023-05-30 00:00:00,100000,1
CUST000266,Customer_266,B2C,Budget,Brasov,Romania,2024-07-06 00:00:00,10000,1
CUST000267,Customer_267,Reseller,Standard,Constanta,Romania,2023-12-17 00:00:00,5000,1
CUST000268,Customer_268,B2B,Standard,Timisoara,Romania,2023-04-26 00:00:00,50000,1
CUST000269,Customer_269,B2C,Premium,Iasi,Romania,2024-09-23 00:00:00,25000,0
CUST000270,Customer_270,B2B,Budget,Cluj-Napoca,Romania,2023-08-25 00:00:00,100000,1
CUST000271,Customer_271,Government,Standard,Brasov,Romania,2023-09-27 00:00:00,25000,1
CUST000272,Customer_272,B2B,Standard,Constanta,Romania,2023-10-18 00:00:00,50000,1
CUST000273,Customer_273,Government,Budget,Bucharest,Romania,2024-03-09 00:00:00,100000,1
CUST000274,Customer_274,B2B,Budget,Iasi,Romania,2023-01-09 00:00:00,50000,1
CUST000275,Customer_275,B2C,Premium,Bucharest,Romania,2024-09-21 00:00:00,100000,1
CUST000276,Customer_276,B2C,Premium,Iasi,Romania,2024-04-19 00:00:00,10000,1
CUST000277,Customer_277,B2B,Standard,Brasov,Romania,2024-06-05 00:00:00,100000,0
CUST000278,Customer_278,Reseller,Premium,Constanta,Romania,2024-06-20 00:00:00,50000,1
CUST000279,Customer_279,Reseller,Standard,Brasov,Romania,2024-11-15 00:00:00,5000,0
CUST000280,Customer_280,Government,Premium,Brasov,Romania,2023-01-11 00:00:00,10000,1
CUST000281,Customer_281,Government,Budget,Iasi,Romania,2024-09-04 00:00:00,25000,1
CUST000282,Customer_282,B2B,Premium,Timisoara,Romania,2023-11-23 00:00:00,10000,1
CUST000283,Customer_283,B2C,Standard,Constanta,Romania,2024-08-17 00:00:00,10000,1
CUST000284,Customer_284,Government,Premium,Bucharest,Romania,2023-10-03 00:00:00,25000,1
CUST000285,Customer_285,B2B,Standard,Timisoara,Romania,2024-01-05 00:00:00,100000,1
CUST000286,Customer_286,Government,Standard,Timisoara,Romania,2024-05-04 00:00:00,10000,1
CUST000287,Customer_287,B2C,Premium,Cluj-Napoca,Romania,2023-12-11 00:00:00,10000,1
CUST000288,Customer_288,Government,Premium,Bucharest,Romania,2024-01-03 00:00:00,5000,1
CUST000289,Customer_289,B2B,Standard,Iasi,Romania,2023-11-07 00:00:00,5000,1
CUST000290,Customer_290,Government,Budget,Cluj-Napoca,Romania,2024-08-23 00:00:00,50000,0
CUST000291,Customer_291,Reseller,Premium,Cluj-Napoca,Romania,2024-04-29 00:00:00,25000,1
CUST000292,Customer_292,Government,Standard,Brasov,Romania,2023-01-15 00:00:00,100000,1
CUST000293,Customer_293,B2C,Budget,Iasi,Romania,2024-11-18 00:00:00,100000,1
CUST000294,Customer_294,B2C,Standard,Timisoara,Romania,2023-01-04 00:00:00,50000,1
CUST000295,Customer_295,B2C,Premium,Constanta,Romania,2024-01-11 00:00:00,100000,1
CUST000296,Customer_296,B2C,Standard,Timisoara,Romania,2024-01-04 00:00:00,100000,1
CUST000297,Customer_297,B2B,Standard,Timisoara,Romania,2024-04-09 00:00:00,5000,1
CUST000298,Customer_298,Government,Standard,Brasov,Romania,2024-06-16 00:00:00,100000,1
CUST000299,Customer_299,Government,Premium,Timisoara,Romania,2024-12-20 00:00:00,100000,1
CUST000300,Customer_300,Government,Budget,Bucharest,Romania,2023-05-17 00:00:00,50000,1
CUST000301,Customer_301,Government,Budget,Timisoara,Romania,2023-12-29 00:00:00,50000,1
CUST000302,Customer_302,B2B,Budget,Timisoara,Romania,2023-08-04 00:00:00,10000,1
CUST000303,Customer_303,B2C,Budget,Bucharest,Romania,2024-01-03 00:00:00,100000,1
CUST000304,Customer_304,Government,Premium,Brasov,Romania,2023-04-27 00:00:00,100000,1
CUST000305,Customer_305,Government,Standard,Cluj-Napoca,Romania,2023-06-28 00:00:00,100000,0
CUST000306,Customer_306,B2C,Budget,Iasi,Romania,2023-09-03 00:00:00,5000,1
CUST000307,Customer_307,Reseller,Budget,Brasov,Romania,2023-05-08 00:00:00,100000,1
CUST000308,Customer_308,Reseller,Premium,Timisoara,Romania,2023-12-24 00:00:00,5000,1
CUST000309,Customer_309,B2C,Standard,Cluj-Napoca,Romania,2023-03-19 00:00:00,10000,1
CUST000310,Customer_310,Government,Standard,Iasi,Romania,2023-10-20 00:00:00,25000,1
CUST000311,Customer_311,B2C,Budget,Iasi,Romania,2023-03-23 00:00:00,100000,1
CUST000312,Customer_312,Government,Budget,Iasi,Romania,2023-12-08 00:00:00,50000,1
CUST000313,Customer_313,Government,Standard,Bucharest,Romania,2023-12-04 00:00:00,50000,0
CUST000314,Customer_314,Reseller,Premium,Bucharest,Romania,2024-07-31 00:00:00,100000,1
CUST000315,Customer_315,Reseller,Standard,Cluj-Napoca,Romania,2023-04-06 00:00:00,5000,1
CUST000316,Customer_316,Government,Standard,Timisoara,Romania,2023-05-25 00:00:00,50000,1
CUST000317,Customer_317,Government,Budget,Cluj-Napoca,Romania,2024-07-30 00:00:00,50000,1
CUST000318,Customer_318,Government,Premium,Timisoara,Romania,2024-06-04 00:00:00,10000,1
CUST000319,Customer_319,Reseller,Premium,Brasov,Romania,2024-02-01 00:00:00,10000,1
CUST000320,Customer_320,Government,Premium,Iasi,Romania,2023-12-23 00:00:00,10000,1
CUST000321,Customer_321,B2C,Budget,Iasi,Romania,2023-07-05 00:00:00,50000,1
CUST000322,Customer_322,B2B,Premium,Bucharest,Romania,2024-10-31 00:00:00,50000,1
CUST000323,Customer_323,B2B,Premium,Brasov,Romania,2024-06-26 00:00:00,100000,1
CUST000324,Customer_324,Government,Budget,Constanta,Romania,2023-05-31 00:00:00,100000,1
CUST000325,Customer_325,B2C,Standard,Brasov,Romania,2023-11-15 00:00:00,5000,1
CUST000326,Customer_326,Government,Premium,Timisoara,Romania,2024-10-29 00:00:00,50000,1
CUST000327,Customer_327,B2C,Standard,Brasov,Romania,2023-02-28 00:00:00,100000,1
CUST000328,Customer_328,Reseller,Premium,Bucharest,Romania,2023-01-10 00:00:00,100000,1
CUST000329,Customer_329,Reseller,Standard,Timisoara,Romania,2023-05-04 00:00:00,10000,1
CUST000330,Customer_330,Government,Standard,Cluj-Napoca,Romania,2023-12-22 00:00:00,10000,1
CUST000331,Customer_331,Reseller,Budget,Timisoara,Romania,2023-12-12 00:00:00,10000,1
CUST000332,Customer_332,Government,Budget,Cluj-Napoca,Romania,2023-08-25 00:00:00,25000,1
CUST000333,Customer_333,B2B,Premium,Constanta,Romania,2023-11-29 00:00:00,100000,1
CUST000334,Customer_334,B2C,Premium,Timisoara,Romania,2023-01-17 00:00:00,10000,1
CUST000335,Customer_335,B2C,Budget,Iasi,Romania,2024-02-28 00:00:00,10000,1
CUST000336,Customer_336,B2B,Premium,Constanta,Romania,2023-11-20 00:00:00,50000,1
CUST000337,Customer_337,B2B,Premium,Cluj-Napoca,Romania,2023-01-23 00:00:00,10000,1
CUST000338,Customer_338,B2B,Budget,Bucharest,Romania,2024-04-03 00:00:00,50000,1
CUST000339,Customer_339,B2B,Standard,Constanta,Romania,2024-04-04 00:00:00,5000,1
CUST000340,Customer_340,Reseller,Premium,Constanta,Romania,2024-06-04 00:00:00,10000,0
CUST000341,Customer_341,B2C,Budget,Constanta,Romania,2024-12-19 00:00:00,50000,1
CUST000342,Customer_342,B2C,Premium,Cluj-Napoca,Romania,2024-07-10 00:00:00,10000,1
CUST000343,Customer_343,B2B,Premium,Cluj-Napoca,Romania,2024-02-25 00:00:00,5000,1
CUST000344,Customer_344,Government,Budget,Timisoara,Romania,2024-02-07 00:00:00,10000,0
CUST000345,Customer_345,Government,Budget,Iasi,Romania,2023-11-27 00:00:00,50000,1
CUST000346,Customer_346,Government,Premium,Constanta,Romania,2024-04-01 00:00:00,5000,1
CUST000347,Customer_347,Government,Premium,Timisoara,Romania,2024-04-27 00:00:00,5000,1
CUST000348,Customer_348,Reseller,Standard,Timisoara,Romania,2024-05-12 00:00:00,5000,1
CUST000349,Customer_349,B2C,Standard,Iasi,Romania,2023-01-27 00:00:00,25000,1
CUST000350,Customer_350,B2C,Budget,Timisoara,Romania,2024-02-01 00:00:00,50000,1
CUST000351,Customer_351,B2C,Premium,Iasi,Romania,2023-07-07 00:00:00,25000,1
CUST000352,Customer_352,Government,Budget,Bucharest,Romania,2023-05-20 00:00:00,5000,1
CUST000353,Customer_353,B2B,Budget,Iasi,Romania,2024-06-04 00:00:00,25000,1
CUST000354,Customer_354,Government,Premium,Brasov,Romania,2023-04-02 00:00:00,10000,1
CUST000355,Customer_355,B2C,Standard,Iasi,Romania,2023-03-18 00:00:00,25000,1
CUST000356,Customer_356,Government,Budget,Iasi,Romania,2023-09-01 00:00:00,100000,1
CUST000357,Customer_357,B2B,Budget,Brasov,Romania,2024-10-28 00:00:00,5000,1
CUST000358,Customer_358,B2B,Premium,Iasi,Romania,2024-12-30 00:00:00,5000,1
CUST000359,Customer_359,Government,Standard,Cluj-Napoca,Romania,2024-10-23 00:00:00,50000,1
CUST000360,Customer_360,B2C,Standard,Timisoara,Romania,2023-03-29 00:00:00,10000,1
CUST000361,Customer_361,Reseller,Premium,Timisoara,Romania,2024-09-09 00:00:00,50000,1
CUST000362,Customer_362,B2C,Budget,Bucharest,Romania,2023-10-21 00:00:00,25000,0
CUST000363,Customer_363,Reseller,Premium,Bucharest,Romania,2023-04-05 00:00:00,100000,1
CUST000364,Customer_364,B2C,Premium,Brasov,Romania,2023-09-10 00:00:00,100000,1
CUST000365,Customer_365,Government,Standard,Cluj-Napoca,Romania,2024-07-04 00:00:00,100000,1
CUST000366,Customer_366,Reseller,Budget,Bucharest,Romania,2024-02-03 00:00:00,100000,1
CUST000367,Customer_367,B2C,Budget,Timisoara,Romania,2023-02-23 00:00:00,10000,0
CUST000368,Customer_368,Government,Standard,Bucharest,Romania,2023-08-31 00:00:00,25000,1
CUST000369,Customer_369,B2C,Budget,Bucharest,Romania,2023-04-20 00:00:00,100000,1
CUST000370,Customer_370,B2B,Budget,Iasi,Romania,2024-09-15 00:00:00,5000,1
CUST000371,Customer_371,B2B,Premium,Bucharest,Romania,2024-11-16 00:00:00,25000,1
CUST000372,Customer_372,B2C,Premium,Brasov,Romania,2024-12-01 00:00:00,10000,1
CUST000373,Customer_373,Government,Premium,Timisoara,Romania,2023-08-09 00:00:00,100000,1
CUST000374,Customer_374,B2C,Budget,Brasov,Romania,2024-07-17 00:00:00,10000,1
CUST000375,Customer_375,Government,Budget,Brasov,Romania,2023-06-11 00:00:00,100000,0
CUST000376,Customer_376,Reseller,Budget,Constanta,Romania,2023-02-04 00:00:00,5000,1
CUST000377,Customer_377,B2B,Budget,Cluj-Napoca,Romania,2023-02-06 00:00:00,25000,1
CUST000378,Customer_378,Reseller,Standard,Constanta,Romania,2024-09-14 00:00:00,5000,1
CUST000379,Customer_379,Government,Standard,Constanta,Romania,2024-01-05 00:00:00,100000,1
CUST000380,Customer_380,B2C,Budget,Iasi,Romania,2023-06-26 00:00:00,50000,1
CUST000381,Customer_381,B2B,Premium,Brasov,Romania,2024-06-04 00:00:00,25000,1
CUST000382,Customer_382,Government,Premium,Cluj-Napoca,Romania,2023-10-02 00:00:00,10000,1
CUST000383,Customer_383,Government,Standard,Timisoara,Romania,2024-09-24 00:00:00,100000,1
CUST000384,Customer_384,B2B,Standard,Timisoara,Romania,2023-04-15 00:00:00,5000,1
CUST000385,Customer_385,B2C,Budget,Cluj-Napoca,Romania,2023-06-05 00:00:00,50000,1
CUST000386,Customer_386,B2B,Budget,Brasov,Romania,2023-12-02 00:00:00,100000,1
CUST000387,Customer_387,B2C,Budget,Brasov,Romania,2023-01-26 00:00:00,10000,1
CUST000388,Customer_388,B2C,Budget,Iasi,Romania,2023-10-23 00:00:00,5000,1
CUST000389,Customer_389,Government,Budget,Iasi,Romania,2024-06-20 00:00:00,25000,1
CUST000390,Customer_390,B2C,Premium,Constanta,Romania,2023-12-21 00:00:00,50000,1
CUST000391,Customer_391,B2C,Premium,Timisoara,Romania,2023-03-10 00:00:00,100000,1
CUST000392,Customer_392,B2B,Budget,Iasi,Romania,2023-11-23 00:00:00,100000,1
CUST000393,Customer_393,B2B,Premium,Cluj-Napoca,Romania,2023-05-31 00:00:00,100000,1
CUST000394,Customer_394,B2C,Budget,Timisoara,Romania,2024-07-30 00:00:00,100000,1
CUST000395,Customer_395,Government,Budget,Brasov,Romania,2024-10-23 00:00:00,5000,0
CUST000396,Customer_396,B2B,Standard,Timisoara,Romania,2023-11-16 00:00:00,25000,1
CUST000397,Customer_397,Reseller,Premium,Bucharest,Romania,2024-03-27 00:00:00,10000,1
CUST000398,Customer_398,Government,Premium,Timisoara,Romania,2024-07-23 00:00:00,50000,0
CUST000399,Customer_399,B2B,Standard,Iasi,Romania,2024-10-29 00:00:00,100000,0
CUST000400,Customer_400,B2B,Premium,Cluj-Napoca,Romania,2023-04-22 00:00:00,100000,1
CUST000401,Customer_401,Reseller,Standard,Brasov,Romania,2024-09-26 00:00:00,25000,1
CUST000402,Customer_402,B2C,Premium,Brasov,Romania,2024-04-06 00:00:00,25000,0
CUST000403,Customer_403,B2B,Budget,Iasi,Romania,2023-12-28 00:00:00,5000,1
CUST000404,Customer_404,Reseller,Standard,Iasi,Romania,2023-07-22 00:00:00,5000,1
CUST000405,Customer_405,Reseller,Budget,Iasi,Romania,2024-05-01 00:00:00,5000,1
CUST000406,Customer_406,B2B,Budget,Bucharest,Romania,2024-04-24 00:00:00,50000,1
CUST000407,Customer_407,Government,Premium,Cluj-Napoca,Romania,2023-01-04 00:00:00,5000,1
CUST000408,Customer_408,B2B,Standard,Bucharest,Romania,2023-05-09 00:00:00,100000,1
CUST000409,Customer_409,Reseller,Budget,Iasi,Romania,2023-01-26 00:00:00,5000,1
CUST000410,Customer_410,B2B,Budget,Cluj-Napoca,Romania,2023-01-27 00:00:00,50000,1
CUST000411,Customer_411,Government,Standard,Iasi,Romania,2023-02-11 00:00:00,5000,1
CUST000412,Customer_412,B2C,Premium,Cluj-Napoca,Romania,2024-08-05 00:00:00,5000,1
CUST000413,Customer_413,B2C,Budget,Brasov,Romania,2023-03-05 00:00:00,100000,1
CUST000414,Customer_414,B2B,Premium,Bucharest,Romania,2023-01-25 00:00:00,100000,1
CUST000415,Customer_415,B2B,Standard,Constanta,Romania,2023-03-13 00:00:00,100000,1
CUST000416,Customer_416,Reseller,Premium,Iasi,Romania,2024-04-26 00:00:00,5000,1
CUST000417,Customer_417,Government,Standard,Iasi,Romania,2023-09-25 00:00:00,100000,1
CUST000418,Customer_418,Reseller,Premium,Timisoara,Romania,2023-04-05 00:00:00,25000,1
CUST000419,Customer_419,Reseller,Premium,Constanta,Romania,2024-01-30 00:00:00,10000,1
CUST000420,Customer_420,B2C,Budget,Brasov,Romania,2023-12-30 00:00:00,10000,1
CUST000421,Customer_421,Reseller,Premium,Iasi,Romania,2023-11-11 00:00:00,100000,1
CUST000422,Customer_422,Reseller,Budget,Bucharest,Romania,2023-04-27 00:00:00,50000,1
CUST000423,Customer_423,B2C,Standard,Brasov,Romania,2023-06-13 00:00:00,100000,1
CUST000424,Customer_424,B2C,Standard,Iasi,Romania,2024-07-30 00:00:00,100000,1
CUST000425,Customer_425,Government,Budget,Bucharest,Romania,2023-11-02 00:00:00,5000,1
CUST000426,Customer_426,Government,Premium,Timisoara,Romania,2023-07-19 00:00:00,50000,1
CUST000427,Customer_427,Government,Standard,Timisoara,Romania,2023-06-29 00:00:00,100000,1
CUST000428,Customer_428,B2B,Standard,Bucharest,Romania,2023-12-24 00:00:00,25000,1
CUST000429,Customer_429,B2C,Standard,Brasov,Romania,2023-09-09 00:00:00,10000,1
CUST000430,Customer_430,B2B,Budget,Bucharest,Romania,2023-10-26 00:00:00,25000,1
CUST000431,Customer_431,B2B,Standard,Constanta,Romania,2024-03-05 00:00:00,25000,1
CUST000432,Customer_432,Government,Standard,Bucharest,Romania,2023-01-04 00:00:00,25000,1
CUST000433,Customer_433,B2C,Standard,Timisoara,Romania,2024-10-14 00:00:00,50000,0
CUST000434,Customer_434,B2B,Standard,Timisoara,Romania,2024-11-08 00:00:00,50000,1
CUST000435,Customer_435,Reseller,Budget,Timisoara,Romania,2023-09-11 00:00:00,50000,1
CUST000436,Customer_436,Reseller,Budget,Constanta,Romania,2024-10-26 00:00:00,10000,1
CUST000437,Customer_437,B2C,Premium,Iasi,Romania,2024-08-01 00:00:00,5000,1
CUST000438,Customer_438,B2B,Standard,Constanta,Romania,2024-07-20 00:00:00,100000,1
CUST000439,Customer_439,Government,Budget,Iasi,Romania,2023-04-06 00:00:00,100000,0
CUST000440,Customer_440,B2B,Premium,Constanta,Romania,2023-06-16 00:00:00,5000,1
CUST000441,Customer_441,Reseller,Premium,Cluj-Napoca,Romania,2023-11-27 00:00:00,100000,1
CUST000442,Customer_442,Reseller,Standard,Iasi,Romania,2023-03-03 00:00:00,25000,1
CUST000443,Customer_443,Government,Premium,Brasov,Romania,2023-06-23 00:00:00,10000,1
CUST000444,Customer_444,B2C,Budget,Brasov,Romania,2023-09-10 00:00:00,100000,1
CUST000445,Customer_445,B2B,Premium,Timisoara,Romania,2024-04-05 00:00:00,10000,1
CUST000446,Customer_446,Reseller,Premium,Constanta,Romania,2024-09-15 00:00:00,5000,0
CUST000447,Customer_447,B2B,Budget,Bucharest,Romania,2023-08-03 00:00:00,100000,1
CUST000448,Customer_448,Government,Premium,Timisoara,Romania,2023-08-27 00:00:00,10000,1
CUST000449,Customer_449,Government,Premium,Bucharest,Romania,2024-02-19 00:00:00,25000,1
CUST000450,Customer_450,B2C,Premium,Constanta,Romania,2024-11-05 00:00:00,25000,1
CUST000451,Customer_451,Government,Premium,Timisoara,Romania,2023-05-06 00:00:00,5000,1
CUST000452,Customer_452,B2C,Standard,Timisoara,Romania,2023-09-10 00:00:00,50000,1
CUST000453,Customer_453,B2B,Standard,Brasov,Romania,2024-12-11 00:00:00,100000,1
CUST000454,Customer_454,Reseller,Budget,Bucharest,Romania,2023-07-16 00:00:00,25000,0
CUST000455,Customer_455,Reseller,Premium,Cluj-Napoca,Romania,2024-09-25 00:00:00,25000,1
CUST000456,Customer_456,B2C,Budget,Cluj-Napoca,Romania,2024-02-17 00:00:00,5000,1
CUST000457,Customer_457,Reseller,Standard,Timisoara,Romania,2024-03-31 00:00:00,25000,1
CUST000458,Customer_458,B2C,Premium,Constanta,Romania,2023-02-23 00:00:00,100000,1
CUST000459,Customer_459,B2C,Premium,Timisoara,Romania,2024-10-08 00:00:00,5000,0
CUST000460,Customer_460,B2B,Standard,Brasov,Romania,2023-12-05 00:00:00,10000,0
CUST000461,Customer_461,B2B,Premium,Bucharest,Romania,2023-12-25 00:00:00,5000,1
CUST000462,Customer_462,Government,Premium,Timisoara,Romania,2023-05-31 00:00:00,100000,1
CUST000463,Customer_463,B2C,Standard,Constanta,Romania,2023-04-10 00:00:00,100000,0
CUST000464,Customer_464,B2B,Budget,Cluj-Napoca,Romania,2023-08-22 00:00:00,10000,1
CUST000465,Customer_465,B2C,Budget,Bucharest,Romania,2024-06-27 00:00:00,5000,1
CUST000466,Customer_466,B2C,Premium,Timisoara,Romania,2023-03-03 00:00:00,100000,1
CUST000467,Customer_467,B2C,Standard,Bucharest,Romania,2023-07-15 00:00:00,100000,1
CUST000468,Customer_468,B2B,Budget,Brasov,Romania,2024-06-25 00:00:00,10000,1
CUST000469,Customer_469,B2C,Budget,Cluj-Napoca,Romania,2023-04-16 00:00:00,50000,1
CUST000470,Customer_470,B2C,Premium,Constanta,Romania,2023-10-22 00:00:00,5000,1
CUST000471,Customer_471,Government,Budget,Bucharest,Romania,2024-10-06 00:00:00,100000,1
CUST000472,Customer_472,B2C,Standard,Cluj-Napoca,Romania,2024-03-26 00:00:00,25000,1
CUST000473,Customer_473,Government,Budget,Timisoara,Romania,2024-06-17 00:00:00,10000,1
CUST000474,Customer_474,B2C,Standard,Constanta,Romania,2023-06-05 00:00:00,50000,1
CUST000475,Customer_475,Government,Standard,Constanta,Romania,2024-02-10 00:00:00,50000,1
CUST000476,Customer_476,B2B,Premium,Iasi,Romania,2024-12-26 00:00:00,10000,0
CUST000477,Customer_477,B2B,Budget,Bucharest,Romania,2024-11-13 00:00:00,50000,1
CUST000478,Customer_478,Reseller,Premium,Cluj-Napoca,Romania,2024-07-07 00:00:00,100000,0
CUST000479,Customer_479,B2C,Budget,Bucharest,Romania,2024-07-25 00:00:00,50000,1
CUST000480,Customer_480,Reseller,Premium,Timisoara,Romania,2024-01-10 00:00:00,5000,1
CUST000481,Customer_481,Reseller,Premium,Timisoara,Romania,2024-08-11 00:00:00,25000,1
CUST000482,Customer_482,Government,Premium,Constanta,Romania,2024-03-30 00:00:00,100000,1
CUST000483,Customer_483,B2B,Budget,Constanta,Romania,2023-07-21 00:00:00,10000,0
CUST000484,Customer_484,B2C,Premium,Cluj-Napoca,Romania,2024-03-27 00:00:00,25000,1
CUST000485,Customer_485,B2C,Standard,Brasov,Romania,2023-07-06 00:00:00,100000,1
CUST000486,Customer_486,Government,Budget,Bucharest,Romania,2024-08-30 00:00:00,25000,1
CUST000487,Customer_487,Reseller,Standard,Bucharest,Romania,2024-12-24 00:00:00,50000,0
CUST000488,Customer_488,Government,Premium,Timisoara,Romania,2024-01-03 00:00:00,10000,1
CUST000489,Customer_489,Reseller,Premium,Bucharest,Romania,2023-12-06 00:00:00,10000,1
CUST000490,Customer_490,B2C,Standard,Cluj-Napoca,Romania,2023-09-19 00:00:00,5000,1
CUST000491,Customer_491,Government,Premium,Iasi,Romania,2024-08-11 00:00:00,50000,1
CUST000492,Customer_492,Reseller,Budget,Constanta,Romania,2024-06-26 00:00:00,5000,1
CUST000493,Customer_493,Government,Standard,Timisoara,Romania,2024-07-04 00:00:00,5000,1
CUST000494,Customer_494,B2B,Budget,Constanta,Romania,2023-11-02 00:00:00,50000,1
CUST000495,Customer_495,Government,Budget,Constanta,Romania,2024-12-26 00:00:00,100000,1
CUST000496,Customer_496,B2C,Budget,Constanta,Romania,2024-09-29 00:00:00,5000,0
CUST000497,Customer_497,Government,Premium,Iasi,Romania,2023-06-14 00:00:00,25000,1
CUST000498,Customer_498,B2C,Premium,Bucharest,Romania,2024-09-12 00:00:00,100000,1
CUST000499,Customer_499,B2C,Standard,Brasov,Romania,2023-03-29 00:00:00,50000,1
CUST000500,Customer_500,Government,Standard,Constanta,Romania,2023-07-19 00:00:00,10000,1
CUST000501,Customer_501,Government,Budget,Cluj-Napoca,Romania,2023-09-28 00:00:00,100000,1
CUST000502,Customer_502,Government,Premium,Constanta,Romania,2023-02-20 00:00:00,5000,1
CUST000503,Customer_503,B2B,Premium,Constanta,Romania,2024-05-03 00:00:00,25000,1
CUST000504,Customer_504,B2B,Premium,Bucharest,Romania,2023-07-17 00:00:00,50000,1
CUST000505,Customer_505,Reseller,Standard,Cluj-Napoca,Romania,2023-01-23 00:00:00,10000,1
CUST000506,Customer_506,Government,Premium,Bucharest,Romania,2024-10-26 00:00:00,25000,1
CUST000507,Customer_507,Reseller,Budget,Constanta,Romania,2023-08-11 00:00:00,10000,1
CUST000508,Customer_508,Reseller,Budget,Bucharest,Romania,2023-08-09 00:00:00,50000,0
CUST000509,Customer_509,B2C,Budget,Bucharest,Romania,2024-10-24 00:00:00,100000,1
CUST000510,Customer_510,Reseller,Premium,Timisoara,Romania,2023-09-23 00:00:00,5000,1
CUST000511,Customer_511,Government,Budget,Iasi,Romania,2023-03-14 00:00:00,50000,1
CUST000512,Customer_512,B2B,Budget,Brasov,Romania,2023-03-18 00:00:00,25000,1
CUST000513,Customer_513,Reseller,Standard,Iasi,Romania,2024-06-27 00:00:00,100000,0
CUST000514,Customer_514,Reseller,Standard,Iasi,Romania,2024-03-10 00:00:00,10000,1
CUST000515,Customer_515,B2B,Premium,Cluj-Napoca,Romania,2023-03-06 00:00:00,100000,1
CUST000516,Customer_516,Reseller,Premium,Timisoara,Romania,2023-12-23 00:00:00,100000,1
CUST000517,Customer_517,Government,Premium,Timisoara,Romania,2023-01-18 00:00:00,25000,1
CUST000518,Customer_518,Reseller,Premium,Bucharest,Romania,2024-11-06 00:00:00,5000,1
CUST000519,Customer_519,B2C,Premium,Iasi,Romania,2024-07-19 00:00:00,100000,1
CUST000520,Customer_520,Reseller,Standard,Brasov,Romania,2024-07-28 00:00:00,100000,1
CUST000521,Customer_521,B2C,Standard,Cluj-Napoca,Romania,2024-03-11 00:00:00,5000,1
CUST000522,Customer_522,B2B,Standard,Timisoara,Romania,2024-03-16 00:00:00,5000,1
CUST000523,Customer_523,B2B,Budget,Bucharest,Romania,2023-01-09 00:00:00,10000,0
CUST000524,Customer_524,Reseller,Budget,Brasov,Romania,2024-04-14 00:00:00,10000,1
CUST000525,Customer_525,Reseller,Standard,Iasi,Romania,2024-09-23 00:00:00,5000,1
CUST000526,Customer_526,B2B,Standard,Brasov,Romania,2023-12-14 00:00:00,50000,1
CUST000527,Customer_527,B2C,Premium,Timisoara,Romania,2024-08-24 00:00:00,5000,1
CUST000528,Customer_528,B2B,Standard,Cluj-Napoca,Romania,2024-01-07 00:00:00,10000,1
CUST000529,Customer_529,B2B,Premium,Iasi,Romania,2023-06-24 00:00:00,25000,1
CUST000530,Customer_530,B2C,Standard,Cluj-Napoca,Romania,2024-05-29 00:00:00,25000,1
CUST000531,Customer_531,B2B,Premium,Constanta,Romania,2023-05-10 00:00:00,100000,1
CUST000532,Customer_532,Reseller,Standard,Brasov,Romania,2024-07-19 00:00:00,25000,1
CUST000533,Customer_533,Reseller,Premium,Brasov,Romania,2023-10-20 00:00:00,10000,1
CUST000534,Customer_534,B2B,Budget,Bucharest,Romania,2024-11-26 00:00:00,25000,1
CUST000535,Customer_535,Reseller,Budget,Iasi,Romania,2023-12-19 00:00:00,50000,1
CUST000536,Customer_536,Government,Premium,Brasov,Romania,2023-08-12 00:00:00,5000,1
CUST000537,Customer_537,B2B,Premium,Timisoara,Romania,2024-06-07 00:00:00,5000,1
CUST000538,Customer_538,Government,Budget,Constanta,Romania,2024-12-07 00:00:00,10000,1
CUST000539,Customer_539,B2B,Standard,Timisoara,Romania,2024-05-23 00:00:00,100000,0
CUST000540,Customer_540,B2B,Premium,Cluj-Napoca,Romania,2024-01-03 00:00:00,5000,1
CUST000541,Customer_541,Government,Standard,Constanta,Romania,2024-10-27 00:00:00,25000,0
CUST000542,Customer_542,B2B,Budget,Constanta,Romania,2024-08-12 00:00:00,50000,1
CUST000543,Customer_543,Reseller,Budget,Timisoara,Romania,2024-10-13 00:00:00,100000,1
CUST000544,Customer_544,Government,Premium,Brasov,Romania,2024-05-14 00:00:00,100000,1
CUST000545,Customer_545,B2B,Standard,Timisoara,Romania,2023-03-31 00:00:00,100000,1
CUST000546,Customer_546,Reseller,Budget,Iasi,Romania,2024-10-17 00:00:00,5000,0
CUST000547,Customer_547,Government,Standard,Cluj-Napoca,Romania,2023-03-13 00:00:00,100000,1
CUST000548,Customer_548,Government,Budget,Constanta,Romania,2024-03-08 00:00:00,10000,1
CUST000549,Customer_549,Reseller,Premium,Iasi,Romania,2024-11-19 00:00:00,25000,1
CUST000550,Customer_550,B2B,Standard,Brasov,Romania,2023-12-14 00:00:00,50000,1
CUST000551,Customer_551,B2B,Standard,Brasov,Romania,2023-09-20 00:00:00,25000,1
CUST000552,Customer_552,Government,Premium,Timisoara,Romania,2023-09-28 00:00:00,10000,1
CUST000553,Customer_553,B2C,Premium,Bucharest,Romania,2024-05-23 00:00:00,10000,1
CUST000554,Customer_554,B2B,Premium,Constanta,Romania,2024-05-22 00:00:00,25000,1
CUST000555,Customer_555,B2B,Premium,Constanta,Romania,2024-09-08 00:00:00,5000,1
CUST000556,Customer_556,Reseller,Budget,Bucharest,Romania,2024-02-24 00:00:00,10000,1
CUST000557,Customer_557,B2C,Standard,Brasov,Romania,2023-03-13 00:00:00,100000,1
CUST000558,Customer_558,B2C,Budget,Brasov,Romania,2023-03-15 00:00:00,50000,1
CUST000559,Customer_559,Government,Premium,Constanta,Romania,2024-10-16 00:00:00,50000,1
CUST000560,Customer_560,Reseller,Budget,Cluj-Napoca,Romania,2024-05-17 00:00:00,10000,0
CUST000561,Customer_561,Reseller,Budget,Constanta,Romania,2024-07-27 00:00:00,100000,1
CUST000562,Customer_562,B2B,Standard,Brasov,Romania,2023-05-26 00:00:00,25000,0
CUST000563,Customer_563,Government,Standard,Brasov,Romania,2023-02-15 00:00:00,50000,1
CUST000564,Customer_564,B2B,Standard,Cluj-Napoca,Romania,2023-04-15 00:00:00,100000,1
CUST000565,Customer_565,B2C,Premium,Iasi,Romania,2023-04-19 00:00:00,100000,1
CUST000566,Customer_566,Reseller,Premium,Iasi,Romania,2023-11-13 00:00:00,5000,1
CUST000567,Customer_567,Government,Standard,Cluj-Napoca,Romania,2023-05-01 00:00:00,10000,1
CUST000568,Customer_568,B2B,Budget,Cluj-Napoca,Romania,2024-05-13 00:00:00,100000,1
CUST000569,Customer_569,B2B,Standard,Iasi,Romania,2023-02-12 00:00:00,25000,0
CUST000570,Customer_570,B2C,Premium,Iasi,Romania,2023-04-09 00:00:00,50000,1
CUST000571,Customer_571,Reseller,Budget,Iasi,Romania,2024-12-06 00:00:00,5000,1
CUST000572,Customer_572,B2C,Premium,Iasi,Romania,2023-11-07 00:00:00,25000,1
CUST000573,Customer_573,B2B,Standard,Constanta,Romania,2023-08-02 00:00:00,50000,0
CUST000574,Customer_574,Reseller,Standard,Constanta,Romania,2024-04-07 00:00:00,10000,1
CUST000575,Customer_575,Reseller,Budget,Timisoara,Romania,2024-02-27 00:00:00,25000,1
CUST000576,Customer_576,B2C,Standard,Cluj-Napoca,Romania,2024-01-24 00:00:00,50000,1
CUST000577,Customer_577,Reseller,Premium,Bucharest,Romania,2024-11-27 00:00:00,5000,1
CUST000578,Customer_578,B2C,Premium,Timisoara,Romania,2023-04-22 00:00:00,50000,1
CUST000579,Customer_579,Reseller,Premium,Bucharest,Romania,2023-09-29 00:00:00,100000,1
CUST000580,Customer_580,Reseller,Budget,Bucharest,Romania,2023-04-12 00:00:00,5000,1
CUST000581,Customer_581,Government,Premium,Brasov,Romania,2023-07-29 00:00:00,25000,1
CUST000582,Customer_582,Reseller,Standard,Cluj-Napoca,Romania,2023-01-22 00:00:00,10000,0
CUST000583,Customer_583,B2B,Budget,Constanta,Romania,2023-06-08 00:00:00,5000,1
CUST000584,Customer_584,Government,Premium,Timisoara,Romania,2023-12-09 00:00:00,5000,0
CUST000585,Customer_585,B2C,Premium,Cluj-Napoca,Romania,2024-02-04 00:00:00,5000,1
CUST000586,Customer_586,B2B,Standard,Iasi,Romania,2024-03-29 00:00:00,50000,1
CUST000587,Customer_587,B2C,Standard,Cluj-Napoca,Romania,2024-11-29 00:00:00,100000,1
CUST000588,Customer_588,B2C,Budget,Bucharest,Romania,2023-05-23 00:00:00,10000,1
CUST000589,Customer_589,B2B,Premium,Constanta,Romania,2024-02-01 00:00:00,10000,0
CUST000590,Customer_590,B2C,Premium,Iasi,Romania,2024-06-19 00:00:00,100000,1
CUST000591,Customer_591,Government,Standard,Cluj-Napoca,Romania,2023-05-21 00:00:00,50000,1
CUST000592,Customer_592,B2B,Budget,Cluj-Napoca,Romania,2023-08-28 00:00:00,50000,0
CUST000593,Customer_593,B2C,Standard,Constanta,Romania,2023-10-19 00:00:00,100000,1
CUST000594,Customer_594,B2C,Standard,Bucharest,Romania,2023-03-23 00:00:00,100000,1
CUST000595,Customer_595,Reseller,Budget,Iasi,Romania,2024-07-13 00:00:00,25000,1
CUST000596,Customer_596,Reseller,Premium,Bucharest,Romania,2023-06-20 00:00:00,50000,1
CUST000597,Customer_597,B2C,Premium,Constanta,Romania,2024-08-02 00:00:00,5000,1
CUST000598,Customer_598,B2B,Premium,Cluj-Napoca,Romania,2024-06-09 00:00:00,10000,1
CUST000599,Customer_599,Government,Budget,Timisoara,Romania,2024-06-25 00:00:00,50000,1
CUST000600,Customer_600,B2C,Budget,Timisoara,Romania,2023-04-20 00:00:00,100000,1
CUST000601,Customer_601,B2C,Budget,Brasov,Romania,2023-07-31 00:00:00,5000,1
CUST000602,Customer_602,B2C,Budget,Timisoara,Romania,2024-03-13 00:00:00,25000,1
CUST000603,Customer_603,Reseller,Budget,Constanta,Romania,2023-11-18 00:00:00,25000,1
CUST000604,Customer_604,B2B,Standard,Constanta,Romania,2024-12-14 00:00:00,5000,1
CUST000605,Customer_605,B2C,Premium,Constanta,Romania,2023-03-25 00:00:00,5000,1
CUST000606,Customer_606,Reseller,Budget,Iasi,Romania,2024-01-11 00:00:00,100000,1
CUST000607,Customer_607,B2C,Premium,Brasov,Romania,2023-02-22 00:00:00,100000,1
CUST000608,Customer_608,B2C,Budget,Iasi,Romania,2024-05-10 00:00:00,10000,1
CUST000609,Customer_609,B2B,Premium,Timisoara,Romania,2023-09-13 00:00:00,10000,1
CUST000610,Customer_610,Reseller,Standard,Timisoara,Romania,2024-08-08 00:00:00,25000,1
CUST000611,Customer_611,Government,Premium,Cluj-Napoca,Romania,2023-08-08 00:00:00,5000,0
CUST000612,Customer_612,B2B,Premium,Iasi,Romania,2024-10-16 00:00:00,25000,1
CUST000613,Customer_613,Government,Budget,Bucharest,Romania,2023-04-10 00:00:00,100000,1
CUST000614,Customer_614,Reseller,Premium,Cluj-Napoca,Romania,2023-05-09 00:00:00,50000,0
CUST000615,Customer_615,Reseller,Standard,Iasi,Romania,2023-08-07 00:00:00,100000,1
CUST000616,Customer_616,Government,Standard,Constanta,Romania,2024-04-21 00:00:00,50000,1
CUST000617,Customer_617,Reseller,Standard,Brasov,Romania,2024-04-02 00:00:00,5000,1
CUST000618,Customer_618,B2B,Budget,Iasi,Romania,2023-01-22 00:00:00,5000,1
CUST000619,Customer_619,B2C,Budget,Brasov,Romania,2024-11-20 00:00:00,5000,1
CUST000620,Customer_620,Government,Budget,Brasov,Romania,2024-07-13 00:00:00,10000,1
CUST000621,Customer_621,B2C,Budget,Timisoara,Romania,2024-09-20 00:00:00,10000,1
CUST000622,Customer_622,Government,Budget,Bucharest,Romania,2023-11-25 00:00:00,50000,0
CUST000623,Customer_623,B2C,Standard,Iasi,Romania,2024-11-21 00:00:00,25000,0
CUST000624,Customer_624,B2C,Premium,Bucharest,Romania,2024-04-24 00:00:00,25000,1
CUST000625,Customer_625,B2B,Standard,Brasov,Romania,2023-12-05 00:00:00,50000,1
CUST000626,Customer_626,B2C,Budget,Timisoara,Romania,2023-06-28 00:00:00,10000,1
CUST000627,Customer_627,Government,Standard,Bucharest,Romania,2024-02-25 00:00:00,100000,1
CUST000628,Customer_628,B2C,Premium,Cluj-Napoca,Romania,2024-04-26 00:00:00,50000,1
CUST000629,Customer_629,Reseller,Budget,Brasov,Romania,2023-02-18 00:00:00,25000,1
CUST000630,Customer_630,B2C,Standard,Cluj-Napoca,Romania,2023-01-30 00:00:00,50000,1
CUST000631,Customer_631,B2C,Standard,Constanta,Romania,2023-03-26 00:00:00,50000,1
CUST000632,Customer_632,Reseller,Premium,Bucharest,Romania,2024-05-16 00:00:00,5000,1
CUST000633,Customer_633,Reseller,Budget,Bucharest,Romania,2024-06-29 00:00:00,10000,1
CUST000634,Customer_634,Government,Budget,Bucharest,Romania,2023-11-25 00:00:00,5000,1
CUST000635,Customer_635,Reseller,Premium,Constanta,Romania,2024-09-01 00:00:00,10000,1
CUST000636,Customer_636,Reseller,Premium,Iasi,Romania,2024-03-09 00:00:00,50000,1
CUST000637,Customer_637,Government,Premium,Brasov,Romania,2024-08-10 00:00:00,10000,0
CUST000638,Customer_638,Government,Premium,Brasov,Romania,2024-11-17 00:00:00,25000,1
CUST000639,Customer_639,B2C,Budget,Brasov,Romania,2023-09-06 00:00:00,5000,1
CUST000640,Customer_640,B2B,Budget,Iasi,Romania,2023-05-14 00:00:00,50000,1
CUST000641,Customer_641,Government,Standard,Bucharest,Romania,2024-11-20 00:00:00,25000,1
CUST000642,Customer_642,Reseller,Standard,Bucharest,Romania,2023-12-31 00:00:00,10000,1
CUST000643,Customer_643,B2C,Standard,Constanta,Romania,2024-07-28 00:00:00,10000,1
CUST000644,Customer_644,Reseller,Budget,Cluj-Napoca,Romania,2024-02-29 00:00:00,25000,1
CUST000645,Customer_645,Government,Budget,Iasi,Romania,2024-02-19 00:00:00,10000,1
CUST000646,Customer_646,B2B,Budget,Timisoara,Romania,2024-10-17 00:00:00,5000,1
CUST000647,Customer_647,B2C,Standard,Iasi,Romania,2024-05-26 00:00:00,100000,1
CUST000648,Customer_648,Government,Premium,Constanta,Romania,2024-01-20 00:00:00,10000,1
CUST000649,Customer_649,Government,Premium,Cluj-Napoca,Romania,2024-01-23 00:00:00,50000,1
CUST000650,Customer_650,Reseller,Premium,Cluj-Napoca,Romania,2024-03-24 00:00:00,10000,1
CUST000651,Customer_651,B2B,Premium,Cluj-Napoca,Romania,2024-07-17 00:00:00,50000,1
CUST000652,Customer_652,Government,Premium,Bucharest,Romania,2023-10-30 00:00:00,10000,1
CUST000653,Customer_653,Reseller,Budget,Timisoara,Romania,2023-04-09 00:00:00,10000,1
CUST000654,Customer_654,B2C,Standard,Cluj-Napoca,Romania,2023-11-02 00:00:00,50000,1
CUST000655,Customer_655,Reseller,Premium,Brasov,Romania,2024-07-10 00:00:00,5000,1
CUST000656,Customer_656,B2C,Premium,Bucharest,Romania,2023-02-11 00:00:00,100000,1
CUST000657,Customer_657,Reseller,Premium,Timisoara,Romania,2024-04-12 00:00:00,100000,0
CUST000658,Customer_658,B2B,Budget,Brasov,Romania,2024-03-15 00:00:00,5000,1
CUST000659,Customer_659,Reseller,Premium,Timisoara,Romania,2023-11-23 00:00:00,10000,1
CUST000660,Customer_660,B2B,Standard,Constanta,Romania,2024-07-22 00:00:00,100000,1
CUST000661,Customer_661,B2B,Budget,Timisoara,Romania,2023-02-02 00:00:00,5000,1
CUST000662,Customer_662,B2C,Budget,Brasov,Romania,2024-02-16 00:00:00,5000,1
CUST000663,Customer_663,Reseller,Budget,Iasi,Romania,2024-09-17 00:00:00,100000,0
CUST000664,Customer_664,Reseller,Premium,Timisoara,Romania,2023-04-24 00:00:00,50000,1
CUST000665,Customer_665,Reseller,Premium,Iasi,Romania,2024-05-22 00:00:00,25000,1
CUST000666,Customer_666,B2B,Premium,Timisoara,Romania,2023-02-25 00:00:00,50000,1
CUST000667,Customer_667,Government,Premium,Constanta,Romania,2024-07-09 00:00:00,10000,1
CUST000668,Customer_668,Reseller,Standard,Brasov,Romania,2024-12-24 00:00:00,50000,1
CUST000669,Customer_669,Reseller,Budget,Timisoara,Romania,2023-12-18 00:00:00,25000,1
CUST000670,Customer_670,Government,Premium,Cluj-Napoca,Romania,2023-11-25 00:00:00,25000,1
CUST000671,Customer_671,B2C,Standard,Constanta,Romania,2024-06-29 00:00:00,5000,0
CUST000672,Customer_672,Reseller,Budget,Cluj-Napoca,Romania,2023-09-27 00:00:00,10000,1
CUST000673,Customer_673,Government,Budget,Constanta,Romania,2023-07-15 00:00:00,5000,1
CUST000674,Customer_674,Reseller,Budget,Constanta,Romania,2024-02-17 00:00:00,50000,1
CUST000675,Customer_675,B2B,Premium,Timisoara,Romania,2024-09-28 00:00:00,50000,1
CUST000676,Customer_676,Government,Budget,Brasov,Romania,2023-03-20 00:00:00,100000,1
CUST000677,Customer_677,B2B,Premium,Brasov,Romania,2024-10-18 00:00:00,5000,1
CUST000678,Customer_678,Government,Standard,Bucharest,Romania,2023-03-24 00:00:00,5000,1
CUST000679,Customer_679,B2C,Budget,Brasov,Romania,2023-05-17 00:00:00,5000,1
CUST000680,Customer_680,B2B,Standard,Iasi,Romania,2024-06-22 00:00:00,5000,1
CUST000681,Customer_681,Reseller,Premium,Timisoara,Romania,2024-11-19 00:00:00,25000,1
CUST000682,Customer_682,Government,Premium,Cluj-Napoca,Romania,2024-12-19 00:00:00,100000,1
CUST000683,Customer_683,Reseller,Premium,Brasov,Romania,2023-11-02 00:00:00,10000,1
CUST000684,Customer_684,B2C,Budget,Cluj-Napoca,Romania,2023-11-07 00:00:00,10000,1
CUST000685,Customer_685,Government,Budget,Bucharest,Romania,2024-01-23 00:00:00,10000,1
CUST000686,Customer_686,B2C,Standard,Timisoara,Romania,2024-12-25 00:00:00,25000,1
CUST000687,Customer_687,Government,Premium,Brasov,Romania,2024-07-02 00:00:00,100000,1
CUST000688,Customer_688,B2B,Standard,Cluj-Napoca,Romania,2024-05-20 00:00:00,100000,1
CUST000689,Customer_689,Reseller,Premium,Constanta,Romania,2024-01-23 00:00:00,25000,1
CUST000690,Customer_690,B2B,Premium,Brasov,Romania,2023-10-20 00:00:00,5000,1
CUST000691,Customer_691,B2B,Standard,Bucharest,Romania,2023-06-28 00:00:00,50000,1
CUST000692,Customer_692,B2B,Premium,Constanta,Romania,2024-11-02 00:00:00,5000,1
CUST000693,Customer_693,B2B,Standard,Cluj-Napoca,Romania,2024-03-04 00:00:00,10000,1
CUST000694,Customer_694,Government,Budget,Cluj-Napoca,Romania,2024-06-07 00:00:00,5000,1
CUST000695,Customer_695,Reseller,Standard,Timisoara,Romania,2024-11-11 00:00:00,25000,1
CUST000696,Customer_696,Government,Standard,Timisoara,Romania,2023-11-08 00:00:00,10000,0
CUST000697,Customer_697,Government,Premium,Cluj-Napoca,Romania,2023-03-21 00:00:00,50000,1
CUST000698,Customer_698,Government,Standard,Constanta,Romania,2023-01-14 00:00:00,10000,1
CUST000699,Customer_699,B2B,Budget,Timisoara,Romania,2023-02-23 00:00:00,5000,1
CUST000700,Customer_700,B2C,Budget,Cluj-Napoca,Romania,2024-03-22 00:00:00,100000,1
CUST000701,Customer_701,B2B,Budget,Constanta,Romania,2023-03-06 00:00:00,100000,1
CUST000702,Customer_702,Government,Budget,Iasi,Romania,2024-01-07 00:00:00,100000,1
CUST000703,Customer_703,B2B,Standard,Brasov,Romania,2024-05-17 00:00:00,10000,1
CUST000704,Customer_704,Reseller,Budget,Iasi,Romania,2024-07-23 00:00:00,100000,1
CUST000705,Customer_705,Reseller,Standard,Iasi,Romania,2023-04-06 00:00:00,25000,1
CUST000706,Customer_706,B2B,Standard,Brasov,Romania,2024-06-16 00:00:00,50000,1
CUST000707,Customer_707,B2B,Premium,Cluj-Napoca,Romania,2023-09-17 00:00:00,100000,1
CUST000708,Customer_708,B2C,Standard,Cluj-Napoca,Romania,2024-08-07 00:00:00,25000,1
CUST000709,Customer_709,B2B,Standard,Timisoara,Romania,2023-09-05 00:00:00,25000,1
CUST000710,Customer_710,B2B,Premium,Bucharest,Romania,2023-05-07 00:00:00,10000,1
CUST000711,Customer_711,B2C,Budget,Cluj-Napoca,Romania,2024-05-13 00:00:00,10000,1
CUST000712,Customer_712,B2B,Budget,Brasov,Romania,2023-02-15 00:00:00,50000,1
CUST000713,Customer_713,B2B,Standard,Bucharest,Romania,2023-09-25 00:00:00,50000,1
CUST000714,Customer_714,B2B,Premium,Brasov,Romania,2024-10-01 00:00:00,5000,0
CUST000715,Customer_715,B2B,Standard,Brasov,Romania,2024-06-25 00:00:00,50000,1
CUST000716,Customer_716,B2B,Standard,Brasov,Romania,2023-04-04 00:00:00,10000,0
CUST000717,Customer_717,Government,Budget,Bucharest,Romania,2023-11-12 00:00:00,25000,1
CUST000718,Customer_718,B2B,Premium,Iasi,Romania,2024-09-03 00:00:00,5000,1
CUST000719,Customer_719,B2C,Standard,Constanta,Romania,2023-03-12 00:00:00,50000,1
CUST000720,Customer_720,B2B,Budget,Brasov,Romania,2024-08-15 00:00:00,25000,1
CUST000721,Customer_721,Government,Standard,Timisoara,Romania,2024-03-24 00:00:00,10000,0
CUST000722,Customer_722,B2C,Budget,Cluj-Napoca,Romania,2024-01-02 00:00:00,100000,1
CUST000723,Customer_723,B2C,Premium,Constanta,Romania,2024-09-11 00:00:00,5000,1
CUST000724,Customer_724,B2B,Standard,Cluj-Napoca,Romania,2024-09-05 00:00:00,25000,1
CUST000725,Customer_725,Reseller,Premium,Cluj-Napoca,Romania,2024-02-14 00:00:00,10000,1
CUST000726,Customer_726,Government,Budget,Bucharest,Romania,2023-04-01 00:00:00,10000,0
CUST000727,Customer_727,Reseller,Premium,Timisoara,Romania,2024-05-23 00:00:00,5000,1
CUST000728,Customer_728,B2B,Premium,Timisoara,Romania,2024-06-11 00:00:00,5000,1
CUST000729,Customer_729,Government,Premium,Constanta,Romania,2023-04-20 00:00:00,50000,1
CUST000730,Customer_730,Reseller,Standard,Timisoara,Romania,2024-11-02 00:00:00,50000,0
CUST000731,Customer_731,Government,Budget,Timisoara,Romania,2023-03-30 00:00:00,5000,1
CUST000732,Customer_732,B2B,Premium,Timisoara,Romania,2024-08-29 00:00:00,5000,0
CUST000733,Customer_733,Government,Standard,Constanta,Romania,2023-09-29 00:00:00,25000,1
CUST000734,Customer_734,B2B,Budget,Iasi,Romania,2023-09-04 00:00:00,50000,1
CUST000735,Customer_735,Reseller,Budget,Timisoara,Romania,2023-12-27 00:00:00,10000,1
CUST000736,Customer_736,Government,Budget,Timisoara,Romania,2024-01-13 00:00:00,50000,1
CUST000737,Customer_737,B2C,Premium,Bucharest,Romania,2023-07-25 00:00:00,50000,1
CUST000738,Customer_738,B2B,Premium,Bucharest,Romania,2023-12-11 00:00:00,5000,1
CUST000739,Customer_739,Government,Premium,Timisoara,Romania,2024-03-30 00:00:00,5000,1
CUST000740,Customer_740,B2C,Budget,Iasi,Romania,2023-03-08 00:00:00,50000,1
CUST000741,Customer_741,B2C,Budget,Timisoara,Romania,2024-07-11 00:00:00,100000,1
CUST000742,Customer_742,B2C,Premium,Timisoara,Romania,2023-02-12 00:00:00,100000,1
CUST000743,Customer_743,B2C,Premium,Timisoara,Romania,2023-08-17 00:00:00,50000,1
CUST000744,Customer_744,B2B,Budget,Brasov,Romania,2024-03-19 00:00:00,100000,1
CUST000745,Customer_745,Government,Budget,Iasi,Romania,2023-08-22 00:00:00,50000,1
CUST000746,Customer_746,B2C,Standard,Cluj-Napoca,Romania,2023-07-18 00:00:00,5000,0
CUST000747,Customer_747,Government,Standard,Timisoara,Romania,2024-05-11 00:00:00,5000,1
CUST000748,Customer_748,Government,Premium,Cluj-Napoca,Romania,2023-02-01 00:00:00,5000,1
CUST000749,Customer_749,Reseller,Budget,Iasi,Romania,2023-09-21 00:00:00,10000,1
CUST000750,Customer_750,Government,Budget,Timisoara,Romania,2023-04-23 00:00:00,5000,1
CUST000751,Customer_751,B2B,Standard,Cluj-Napoca,Romania,2024-04-03 00:00:00,5000,1
CUST000752,Customer_752,B2B,Budget,Constanta,Romania,2023-10-03 00:00:00,50000,1
CUST000753,Customer_753,B2C,Premium,Cluj-Napoca,Romania,2023-05-26 00:00:00,100000,1
CUST000754,Customer_754,Government,Standard,Iasi,Romania,2023-12-23 00:00:00,100000,1
CUST000755,Customer_755,B2B,Budget,Timisoara,Romania,2023-01-06 00:00:00,5000,1
CUST000756,Customer_756,B2B,Budget,Brasov,Romania,2023-12-06 00:00:00,5000,1
CUST000757,Customer_757,B2B,Premium,Iasi,Romania,2024-05-08 00:00:00,5000,0
CUST000758,Customer_758,B2C,Budget,Brasov,Romania,2023-04-18 00:00:00,50000,0
CUST000759,Customer_759,B2B,Standard,Timisoara,Romania,2023-03-12 00:00:00,50000,1
CUST000760,Customer_760,Government,Standard,Cluj-Napoca,Romania,2023-12-06 00:00:00,50000,1
CUST000761,Customer_761,B2B,Budget,Constanta,Romania,2024-11-04 00:00:00,100000,1
CUST000762,Customer_762,B2B,Budget,Constanta,Romania,2023-04-10 00:00:00,10000,1
CUST000763,Customer_763,B2C,Budget,Iasi,Romania,2023-11-23 00:00:00,100000,1
CUST000764,Customer_764,Government,Budget,Iasi,Romania,2023-02-02 00:00:00,50000,1
CUST000765,Customer_765,B2B,Standard,Iasi,Romania,2023-05-23 00:00:00,25000,1
CUST000766,Customer_766,Government,Premium,Bucharest,Romania,2023-09-01 00:00:00,10000,1
CUST000767,Customer_767,Government,Standard,Constanta,Romania,2024-12-26 00:00:00,5000,1
CUST000768,Customer_768,B2B,Budget,Constanta,Romania,2024-09-23 00:00:00,100000,1
CUST000769,Customer_769,B2C,Budget,Timisoara,Romania,2024-11-10 00:00:00,10000,1
CUST000770,Customer_770,Government,Standard,Bucharest,Romania,2023-08-05 00:00:00,25000,1
CUST000771,Customer_771,Reseller,Standard,Iasi,Romania,2024-03-09 00:00:00,10000,0
CUST000772,Customer_772,B2B,Budget,Iasi,Romania,2024-12-29 00:00:00,100000,1
CUST000773,Customer_773,Government,Standard,Brasov,Romania,2023-02-23 00:00:00,50000,1
CUST000774,Customer_774,Government,Budget,Bucharest,Romania,2024-12-20 00:00:00,5000,1
CUST000775,Customer_775,Government,Standard,Cluj-Napoca,Romania,2024-08-14 00:00:00,50000,1
CUST000776,Customer_776,B2B,Budget,Constanta,Romania,2023-05-31 00:00:00,50000,1
CUST000777,Customer_777,Reseller,Standard,Timisoara,Romania,2023-02-24 00:00:00,100000,1
CUST000778,Customer_778,Government,Budget,Cluj-Napoca,Romania,2024-05-31 00:00:00,50000,1
CUST000779,Customer_779,Government,Premium,Cluj-Napoca,Romania,2024-03-23 00:00:00,50000,1
CUST000780,Customer_780,B2C,Premium,Timisoara,Romania,2023-02-04 00:00:00,100000,1
CUST000781,Customer_781,B2B,Standard,Iasi,Romania,2023-04-29 00:00:00,100000,1
CUST000782,Customer_782,B2B,Premium,Constanta,Romania,2023-07-16 00:00:00,25000,1
CUST000783,Customer_783,Government,Budget,Brasov,Romania,2024-07-19 00:00:00,50000,1
CUST000784,Customer_784,B2C,Standard,Iasi,Romania,2024-05-28 00:00:00,10000,1
CUST000785,Customer_785,Government,Standard,Iasi,Romania,2024-08-16 00:00:00,5000,0
CUST000786,Customer_786,Government,Budget,Bucharest,Romania,2024-02-26 00:00:00,5000,1
CUST000787,Customer_787,B2B,Budget,Cluj-Napoca,Romania,2024-05-31 00:00:00,100000,1
CUST000788,Customer_788,B2C,Budget,Cluj-Napoca,Romania,2024-11-16 00:00:00,100000,1
CUST000789,Customer_789,Government,Standard,Constanta,Romania,2023-05-19 00:00:00,25000,1
CUST000790,Customer_790,B2B,Budget,Cluj-Napoca,Romania,2024-12-05 00:00:00,50000,1
CUST000791,Customer_791,Government,Premium,Brasov,Romania,2024-10-11 00:00:00,100000,1
CUST000792,Customer_792,Government,Standard,Brasov,Romania,2024-09-19 00:00:00,100000,1
CUST000793,Customer_793,B2C,Budget,Brasov,Romania,2023-02-13 00:00:00,5000,1
CUST000794,Customer_794,B2C,Standard,Timisoara,Romania,2023-08-07 00:00:00,50000,1
CUST000795,Customer_795,B2C,Premium,Constanta,Romania,2024-07-21 00:00:00,25000,0
CUST000796,Customer_796,Government,Premium,Brasov,Romania,2023-09-15 00:00:00,100000,1
CUST000797,Customer_797,Reseller,Budget,Bucharest,Romania,2024-05-27 00:00:00,100000,1
CUST000798,Customer_798,B2C,Standard,Bucharest,Romania,2024-01-12 00:00:00,100000,1
CUST000799,Customer_799,Reseller,Budget,Iasi,Romania,2023-10-16 00:00:00,5000,1
CUST000800,Customer_800,Reseller,Standard,Iasi,Romania,2024-04-14 00:00:00,100000,1
CUST000801,Customer_801,Reseller,Budget,Constanta,Romania,2023-04-13 00:00:00,100000,1
CUST000802,Customer_802,B2B,Budget,Iasi,Romania,2023-05-29 00:00:00,5000,1
CUST000803,Customer_803,Government,Standard,Iasi,Romania,2023-03-25 00:00:00,100000,1
CUST000804,Customer_804,B2C,Standard,Bucharest,Romania,2023-01-26 00:00:00,50000,1
CUST000805,Customer_805,Government,Premium,Iasi,Romania,2023-06-24 00:00:00,50000,1
CUST000806,Customer_806,Government,Premium,Bucharest,Romania,2024-10-02 00:00:00,5000,1
CUST000807,Customer_807,B2B,Standard,Brasov,Romania,2024-02-26 00:00:00,50000,1
CUST000808,Customer_808,B2B,Premium,Brasov,Romania,2024-10-15 00:00:00,25000,1
CUST000809,Customer_809,B2B,Premium,Constanta,Romania,2023-12-12 00:00:00,100000,1
CUST000810,Customer_810,Government,Standard,Timisoara,Romania,2023-10-29 00:00:00,25000,0
CUST000811,Customer_811,Reseller,Standard,Iasi,Romania,2023-10-25 00:00:00,50000,1
CUST000812,Customer_812,Government,Standard,Brasov,Romania,2023-05-15 00:00:00,5000,1
CUST000813,Customer_813,B2B,Budget,Brasov,Romania,2023-02-24 00:00:00,5000,1
CUST000814,Customer_814,Government,Standard,Constanta,Romania,2023-02-25 00:00:00,25000,1
CUST000815,Customer_815,B2B,Standard,Cluj-Napoca,Romania,2024-01-09 00:00:00,50000,1
CUST000816,Customer_816,B2B,Standard,Cluj-Napoca,Romania,2024-08-10 00:00:00,100000,0
CUST000817,Customer_817,B2C,Premium,Constanta,Romania,2023-12-05 00:00:00,50000,1
CUST000818,Customer_818,Reseller,Standard,Bucharest,Romania,2024-04-01 00:00:00,50000,1
CUST000819,Customer_819,B2B,Premium,Timisoara,Romania,2023-12-21 00:00:00,5000,1
CUST000820,Customer_820,B2C,Budget,Constanta,Romania,2023-05-12 00:00:00,10000,1
CUST000821,Customer_821,Reseller,Standard,Cluj-Napoca,Romania,2024-05-07 00:00:00,100000,1
CUST000822,Customer_822,B2B,Standard,Timisoara,Romania,2024-07-07 00:00:00,100000,0
CUST000823,Customer_823,Reseller,Premium,Brasov,Romania,2023-04-20 00:00:00,5000,1
CUST000824,Customer_824,Reseller,Budget,Constanta,Romania,2024-08-04 00:00:00,50000,0
CUST000825,Customer_825,Government,Standard,Bucharest,Romania,2023-05-06 00:00:00,5000,1
CUST000826,Customer_826,B2C,Budget,Timisoara,Romania,2023-10-23 00:00:00,50000,1
CUST000827,Customer_827,Reseller,Budget,Cluj-Napoca,Romania,2023-06-28 00:00:00,10000,1
CUST000828,Customer_828,Government,Standard,Brasov,Romania,2023-07-16 00:00:00,10000,0
CUST000829,Customer_829,Reseller,Budget,Constanta,Romania,2023-04-11 00:00:00,25000,1
CUST000830,Customer_830,Government,Budget,Iasi,Romania,2024-07-26 00:00:00,50000,1
CUST000831,Customer_831,B2B,Standard,Brasov,Romania,2023-07-02 00:00:00,5000,1
CUST000832,Customer_832,B2B,Premium,Cluj-Napoca,Romania,2023-01-09 00:00:00,5000,1
CUST000833,Customer_833,Government,Standard,Constanta,Romania,2024-02-17 00:00:00,5000,1
CUST000834,Customer_834,B2B,Budget,Cluj-Napoca,Romania,2024-12-18 00:00:00,25000,1
CUST000835,Customer_835,B2B,Standard,Iasi,Romania,2024-07-19 00:00:00,100000,1
CUST000836,Customer_836,B2B,Premium,Brasov,Romania,2024-11-22 00:00:00,5000,1
CUST000837,Customer_837,Reseller,Budget,Timisoara,Romania,2023-04-14 00:00:00,10000,0
CUST000838,Customer_838,Government,Budget,Timisoara,Romania,2023-05-06 00:00:00,5000,0
CUST000839,Customer_839,B2C,Premium,Brasov,Romania,2024-06-29 00:00:00,5000,1
CUST000840,Customer_840,B2C,Premium,Timisoara,Romania,2024-11-07 00:00:00,5000,1
CUST000841,Customer_841,Government,Budget,Constanta,Romania,2023-09-27 00:00:00,100000,1
CUST000842,Customer_842,Reseller,Premium,Brasov,Romania,2024-04-10 00:00:00,5000,1
CUST000843,Customer_843,B2B,Standard,Brasov,Romania,2023-04-28 00:00:00,100000,1
CUST000844,Customer_844,B2B,Premium,Cluj-Napoca,Romania,2023-04-02 00:00:00,100000,1
CUST000845,Customer_845,Reseller,Standard,Bucharest,Romania,2024-09-03 00:00:00,25000,1
CUST000846,Customer_846,B2C,Budget,Cluj-Napoca,Romania,2024-04-29 00:00:00,10000,1
CUST000847,Customer_847,Government,Budget,Timisoara,Romania,2023-03-28 00:00:00,5000,1
CUST000848,Customer_848,Government,Budget,Bucharest,Romania,2023-08-22 00:00:00,5000,1
CUST000849,Customer_849,Reseller,Budget,Brasov,Romania,2023-05-04 00:00:00,5000,1
CUST000850,Customer_850,B2B,Budget,Timisoara,Romania,2023-07-22 00:00:00,100000,1
CUST000851,Customer_851,B2B,Premium,Iasi,Romania,2023-02-01 00:00:00,50000,1
CUST000852,Customer_852,B2B,Premium,Timisoara,Romania,2023-12-23 00:00:00,10000,1
CUST000853,Customer_853,Government,Budget,Bucharest,Romania,2024-04-07 00:00:00,5000,1
CUST000854,Customer_854,B2C,Premium,Bucharest,Romania,2024-07-04 00:00:00,50000,1
CUST000855,Customer_855,Government,Premium,Brasov,Romania,2023-04-04 00:00:00,50000,1
CUST000856,Customer_856,Reseller,Budget,Constanta,Romania,2024-06-05 00:00:00,50000,1
CUST000857,Customer_857,Government,Premium,Iasi,Romania,2024-12-27 00:00:00,10000,1
CUST000858,Customer_858,Reseller,Budget,Brasov,Romania,2024-02-12 00:00:00,50000,1
CUST000859,Customer_859,Government,Budget,Iasi,Romania,2023-04-10 00:00:00,5000,1
CUST000860,Customer_860,B2C,Budget,Iasi,Romania,2023-09-01 00:00:00,5000,1
CUST000861,Customer_861,Reseller,Budget,Brasov,Romania,2023-02-27 00:00:00,25000,1
CUST000862,Customer_862,B2B,Premium,Timisoara,Romania,2023-12-23 00:00:00,100000,1
CUST000863,Customer_863,B2B,Premium,Cluj-Napoca,Romania,2024-05-05 00:00:00,50000,1
CUST000864,Customer_864,Government,Standard,Iasi,Romania,2023-11-16 00:00:00,100000,1
CUST000865,Customer_865,Government,Standard,Bucharest,Romania,2023-01-19 00:00:00,100000,1
CUST000866,Customer_866,B2C,Budget,Brasov,Romania,2023-12-23 00:00:00,100000,1
CUST000867,Customer_867,B2C,Standard,Constanta,Romania,2023-04-27 00:00:00,100000,1
CUST000868,Customer_868,B2B,Premium,Timisoara,Romania,2023-05-16 00:00:00,100000,1
CUST000869,Customer_869,Government,Premium,Iasi,Romania,2023-10-23 00:00:00,5000,1
CUST000870,Customer_870,Reseller,Standard,Constanta,Romania,2024-06-08 00:00:00,10000,1
CUST000871,Customer_871,B2C,Standard,Timisoara,Romania,2023-04-11 00:00:00,50000,1
CUST000872,Customer_872,Reseller,Premium,Brasov,Romania,2024-01-15 00:00:00,50000,1
CUST000873,Customer_873,Reseller,Standard,Constanta,Romania,2023-06-04 00:00:00,5000,1
CUST000874,Customer_874,B2C,Premium,Bucharest,Romania,2024-08-16 00:00:00,5000,1
CUST000875,Customer_875,Government,Premium,Iasi,Romania,2024-08-22 00:00:00,100000,1
CUST000876,Customer_876,Reseller,Standard,Iasi,Romania,2023-04-15 00:00:00,10000,0
CUST000877,Customer_877,Government,Standard,Constanta,Romania,2024-10-03 00:00:00,50000,1
CUST000878,Customer_878,Reseller,Budget,Timisoara,Romania,2024-06-09 00:00:00,25000,1
CUST000879,Customer_879,Government,Budget,Brasov,Romania,2023-05-08 00:00:00,5000,0
CUST000880,Customer_880,Government,Budget,Cluj-Napoca,Romania,2024-02-05 00:00:00,25000,1
CUST000881,Customer_881,Government,Budget,Iasi,Romania,2024-07-25 00:00:00,50000,1
CUST000882,Customer_882,Government,Budget,Bucharest,Romania,2024-06-12 00:00:00,5000,0
CUST000883,Customer_883,B2C,Premium,Iasi,Romania,2024-07-10 00:00:00,50000,1
CUST000884,Customer_884,Reseller,Standard,Iasi,Romania,2024-07-03 00:00:00,5000,1
CUST000885,Customer_885,Government,Premium,Cluj-Napoca,Romania,2023-05-04 00:00:00,50000,1
CUST000886,Customer_886,B2B,Budget,Cluj-Napoca,Romania,2023-12-26 00:00:00,25000,0
CUST000887,Customer_887,Reseller,Budget,Brasov,Romania,2023-03-05 00:00:00,10000,1
CUST000888,Customer_888,Reseller,Standard,Iasi,Romania,2024-09-15 00:00:00,5000,1
CUST000889,Customer_889,Government,Premium,Iasi,Romania,2023-04-12 00:00:00,25000,0
CUST000890,Customer_890,Reseller,Budget,Timisoara,Romania,2024-07-14 00:00:00,50000,1
CUST000891,Customer_891,B2B,Budget,Timisoara,Romania,2023-10-04 00:00:00,25000,1
CUST000892,Customer_892,B2B,Budget,Constanta,Romania,2023-08-15 00:00:00,5000,1
CUST000893,Customer_893,B2B,Budget,Constanta,Romania,2023-01-23 00:00:00,25000,1
CUST000894,Customer_894,Reseller,Premium,Bucharest,Romania,2024-11-27 00:00:00,50000,1
CUST000895,Customer_895,Reseller,Premium,Bucharest,Romania,2023-03-05 00:00:00,100000,1
CUST000896,Customer_896,Government,Budget,Timisoara,Romania,2023-06-06 00:00:00,10000,1
CUST000897,Customer_897,Reseller,Premium,Constanta,Romania,2024-01-25 00:00:00,10000,0
CUST000898,Customer_898,Reseller,Budget,Bucharest,Romania,2023-05-29 00:00:00,100000,1
CUST000899,Customer_899,Government,Standard,Iasi,Romania,2023-12-29 00:00:00,5000,1
CUST000900,Customer_900,B2B,Standard,Constanta,Romania,2024-11-11 00:00:00,25000,0
CUST000901,Customer_901,Government,Standard,Cluj-Napoca,Romania,2024-04-08 00:00:00,25000,1
CUST000902,Customer_902,B2C,Premium,Constanta,Romania,2024-10-06 00:00:00,100000,1
CUST000903,Customer_903,Reseller,Budget,Iasi,Romania,2024-02-03 00:00:00,100000,1
CUST000904,Customer_904,Reseller,Standard,Timisoara,Romania,2024-02-09 00:00:00,50000,1
CUST000905,Customer_905,B2C,Standard,Brasov,Romania,2023-05-12 00:00:00,50000,1
CUST000906,Customer_906,B2C,Premium,Brasov,Romania,2023-07-16 00:00:00,10000,1
CUST000907,Customer_907,B2C,Premium,Timisoara,Romania,2024-10-08 00:00:00,5000,1
CUST000908,Customer_908,Government,Standard,Iasi,Romania,2023-02-04 00:00:00,5000,1
CUST000909,Customer_909,B2B,Budget,Bucharest,Romania,2024-02-24 00:00:00,100000,1
CUST000910,Customer_910,Government,Budget,Constanta,Romania,2024-01-12 00:00:00,10000,1
CUST000911,Customer_911,B2C,Budget,Constanta,Romania,2024-02-03 00:00:00,10000,1
CUST000912,Customer_912,Government,Standard,Bucharest,Romania,2023-08-08 00:00:00,50000,0
CUST000913,Customer_913,Reseller,Premium,Brasov,Romania,2024-11-27 00:00:00,25000,1
CUST000914,Customer_914,Government,Budget,Timisoara,Romania,2024-05-31 00:00:00,5000,0
CUST000915,Customer_915,B2C,Standard,Timisoara,Romania,2024-08-05 00:00:00,10000,1
CUST000916,Customer_916,Reseller,Standard,Cluj-Napoca,Romania,2023-12-08 00:00:00,50000,1
CUST000917,Customer_917,B2B,Premium,Brasov,Romania,2024-02-20 00:00:00,50000,1
CUST000918,Customer_918,Government,Budget,Timisoara,Romania,2024-03-31 00:00:00,50000,1
CUST000919,Customer_919,Government,Standard,Cluj-Napoca,Romania,2023-10-24 00:00:00,25000,1
CUST000920,Customer_920,B2C,Budget,Bucharest,Romania,2023-11-27 00:00:00,10000,0
CUST000921,Customer_921,B2B,Budget,Brasov,Romania,2024-12-05 00:00:00,100000,1
CUST000922,Customer_922,Reseller,Budget,Brasov,Romania,2024-11-10 00:00:00,100000,1
CUST000923,Customer_923,B2C,Standard,Timisoara,Romania,2023-12-05 00:00:00,50000,1
CUST000924,Customer_924,B2C,Budget,Timisoara,Romania,2023-10-25 00:00:00,50000,1
CUST000925,Customer_925,Government,Premium,Iasi,Romania,2024-11-07 00:00:00,25000,1
CUST000926,Customer_926,B2B,Standard,Bucharest,Romania,2023-11-08 00:00:00,50000,1
CUST000927,Customer_927,B2C,Standard,Bucharest,Romania,2024-08-05 00:00:00,10000,1
CUST000928,Customer_928,Government,Budget,Constanta,Romania,2023-02-24 00:00:00,50000,1
CUST000929,Customer_929,Reseller,Budget,Cluj-Napoca,Romania,2024-11-24 00:00:00,50000,0
CUST000930,Customer_930,B2C,Budget,Cluj-Napoca,Romania,2024-06-17 00:00:00,10000,1
CUST000931,Customer_931,Reseller,Standard,Iasi,Romania,2023-04-15 00:00:00,5000,1
CUST000932,Customer_932,Reseller,Premium,Constanta,Romania,2023-06-24 00:00:00,100000,1
CUST000933,Customer_933,Government,Premium,Bucharest,Romania,2023-10-21 00:00:00,50000,1
CUST000934,Customer_934,B2B,Standard,Cluj-Napoca,Romania,2024-07-04 00:00:00,10000,1
CUST000935,Customer_935,Reseller,Premium,Bucharest,Romania,2024-01-10 00:00:00,100000,1
CUST000936,Customer_936,B2C,Budget,Bucharest,Romania,2024-03-25 00:00:00,25000,1
CUST000937,Customer_937,B2B,Standard,Constanta,Romania,2024-03-20 00:00:00,5000,1
CUST000938,Customer_938,B2B,Premium,Cluj-Napoca,Romania,2023-03-01 00:00:00,50000,1
CUST000939,Customer_939,Government,Standard,Timisoara,Romania,2024-01-27 00:00:00,5000,1
CUST000940,Customer_940,B2C,Premium,Timisoara,Romania,2024-01-25 00:00:00,50000,1
CUST000941,Customer_941,B2C,Standard,Constanta,Romania,2023-07-31 00:00:00,50000,1
CUST000942,Customer_942,Government,Premium,Cluj-Napoca,Romania,2024-10-28 00:00:00,50000,1
CUST000943,Customer_943,Government,Standard,Iasi,Romania,2024-11-15 00:00:00,5000,1
CUST000944,Customer_944,B2B,Standard,Brasov,Romania,2024-06-18 00:00:00,25000,0
CUST000945,Customer_945,Reseller,Standard,Constanta,Romania,2023-08-28 00:00:00,10000,1
CUST000946,Customer_946,Reseller,Standard,Bucharest,Romania,2024-05-02 00:00:00,10000,1
CUST000947,Customer_947,Reseller,Standard,Constanta,Romania,2024-12-21 00:00:00,25000,1
CUST000948,Customer_948,Reseller,Budget,Brasov,Romania,2023-05-02 00:00:00,25000,1
CUST000949,Customer_949,B2C,Standard,Constanta,Romania,2023-09-10 00:00:00,50000,1
CUST000950,Customer_950,B2C,Standard,Cluj-Napoca,Romania,2023-05-21 00:00:00,50000,0
CUST000951,Customer_951,Government,Standard,Bucharest,Romania,2024-03-27 00:00:00,10000,1
CUST000952,Customer_952,Government,Premium,Brasov,Romania,2023-06-02 00:00:00,50000,1
CUST000953,Customer_953,Reseller,Standard,Timisoara,Romania,2024-12-26 00:00:00,50000,1
CUST000954,Customer_954,Government,Budget,Iasi,Romania,2023-11-04 00:00:00,25000,1
CUST000955,Customer_955,B2C,Standard,Constanta,Romania,2024-07-13 00:00:00,5000,1
CUST000956,Customer_956,Reseller,Premium,Constanta,Romania,2023-11-13 00:00:00,100000,1
CUST000957,Customer_957,Reseller,Premium,Brasov,Romania,2024-06-12 00:00:00,100000,1
CUST000958,Customer_958,B2C,Standard,Iasi,Romania,2023-10-23 00:00:00,50000,1
CUST000959,Customer_959,B2B,Standard,Constanta,Romania,2023-12-11 00:00:00,50000,1
CUST000960,Customer_960,Reseller,Standard,Timisoara,Romania,2024-08-03 00:00:00,100000,1
CUST000961,Customer_961,Government,Standard,Brasov,Romania,2024-08-19 00:00:00,25000,1
CUST000962,Customer_962,B2B,Premium,Cluj-Napoca,Romania,2023-10-09 00:00:00,100000,1
CUST000963,Customer_963,B2C,Standard,Bucharest,Romania,2023-07-27 00:00:00,100000,1
CUST000964,Customer_964,B2B,Premium,Timisoara,Romania,2024-07-05 00:00:00,100000,1
CUST000965,Customer_965,B2B,Premium,Iasi,Romania,2023-04-06 00:00:00,50000,0
CUST000966,Customer_966,Reseller,Budget,Iasi,Romania,2024-03-27 00:00:00,50000,1
CUST000967,Customer_967,B2B,Premium,Timisoara,Romania,2024-01-08 00:00:00,100000,1
CUST000968,Customer_968,Government,Standard,Cluj-Napoca,Romania,2024-10-09 00:00:00,50000,1
CUST000969,Customer_969,Reseller,Standard,Constanta,Romania,2023-03-14 00:00:00,100000,1
CUST000970,Customer_970,B2C,Standard,Cluj-Napoca,Romania,2024-11-11 00:00:00,25000,1
CUST000971,Customer_971,Government,Standard,Constanta,Romania,2023-11-29 00:00:00,50000,1
CUST000972,Customer_972,Reseller,Budget,Constanta,Romania,2024-01-28 00:00:00,5000,1
CUST000973,Customer_973,B2B,Budget,Iasi,Romania,2024-12-10 00:00:00,50000,1
CUST000974,Customer_974,Government,Budget,Constanta,Romania,2023-04-16 00:00:00,25000,1
CUST000975,Customer_975,Reseller,Budget,Timisoara,Romania,2023-04-11 00:00:00,25000,1
CUST000976,Customer_976,Reseller,Premium,Constanta,Romania,2023-12-25 00:00:00,50000,1
CUST000977,Customer_977,B2C,Budget,Timisoara,Romania,2023-11-25 00:00:00,10000,1
CUST000978,Customer_978,Reseller,Premium,Bucharest,Romania,2024-09-09 00:00:00,100000,1
CUST000979,Customer_979,B2C,Standard,Iasi,Romania,2024-01-30 00:00:00,100000,1
CUST000980,Customer_980,B2B,Premium,Cluj-Napoca,Romania,2023-02-04 00:00:00,25000,1
CUST000981,Customer_981,Reseller,Premium,Brasov,Romania,2023-06-06 00:00:00,50000,1
CUST000982,Customer_982,Reseller,Budget,Cluj-Napoca,Romania,2023-09-30 00:00:00,10000,1
CUST000983,Customer_983,B2B,Standard,Cluj-Napoca,Romania,2024-01-31 00:00:00,5000,1
CUST000984,Customer_984,Reseller,Standard,Brasov,Romania,2023-07-26 00:00:00,100000,1
CUST000985,Customer_985,Reseller,Budget,Iasi,Romania,2024-08-27 00:00:00,10000,1
CUST000986,Customer_986,Government,Premium,Constanta,Romania,2024-09-12 00:00:00,100000,1
CUST000987,Customer_987,B2C,Budget,Bucharest,Romania,2023-11-02 00:00:00,50000,1
CUST000988,Customer_988,Reseller,Premium,Cluj-Napoca,Romania,2024-09-17 00:00:00,100000,1
CUST000989,Customer_989,Reseller,Budget,Constanta,Romania,2024-06-19 00:00:00,5000,1
CUST000990,Customer_990,B2C,Budget,Cluj-Napoca,Romania,2024-04-06 00:00:00,50000,1
CUST000991,Customer_991,Government,Standard,Iasi,Romania,2023-09-09 00:00:00,25000,1
CUST000992,Customer_992,B2C,Standard,Iasi,Romania,2023-09-24 00:00:00,10000,1
CUST000993,Customer_993,Reseller,Standard,Timisoara,Romania,2023-07-28 00:00:00,100000,1
CUST000994,Customer_994,B2B,Budget,Iasi,Romania,2024-07-20 00:00:00,50000,1
CUST000995,Customer_995,B2B,Standard,Iasi,Romania,2024-06-22 00:00:00,50000,1
CUST000996,Customer_996,Government,Standard,Cluj-Napoca,Romania,2024-05-17 00:00:00,100000,1
CUST000997,Customer_997,Government,Budget,Bucharest,Romania,2024-05-28 00:00:00,25000,1
CUST000998,Customer_998,Reseller,Standard,Cluj-Napoca,Romania,2024-08-02 00:00:00,100000,1
CUST000999,Customer_999,Government,Premium,Constanta,Romania,2023-05-28 00:00:00,25000,1
CUST001000,Customer_1000,Reseller,Standard,Iasi,Romania,2024-10-03 00:00:00,100000,1
